,GAME_ID,PERIOD,HOME_PTS,VISITOR_PTS,HOMEDESCRIPTION,NEUTRALDESCRIPTION,VISITORDESCRIPTION,HOME_PCT,VISITOR_PCT
0,0022100152,1,0,0,,Start of 1st Period (10:11 PM EST),,0.58808,0.41192
1,0022100152,1,0,0,,Start of 1st Period (10:11 PM EST),,0.61352,0.38648
2,0022100152,1,0,0,Jump Ball Looney vs. Capela: Tip to Green,,,0.58808,0.41192
3,0022100152,1,0,0,Jump Ball Looney vs. Capela: Tip to Green,,,0.61352,0.38648
4,0022100152,1,3,0,Curry 27' 3PT Jump Shot (3 PTS) (Green 1 AST),,,0.62941,0.37059
5,0022100152,1,3,0,,,MISS Hunter 6' Driving Layup,0.62982,0.37018
6,0022100152,1,3,0,WARRIORS Rebound,,,0.65423,0.34577
7,0022100152,1,3,0,WARRIORS Rebound,,,0.65423,0.34577
8,0022100152,1,3,0,MISS Poole 3PT Jump Shot,,,0.65445,0.34555
9,0022100152,1,3,0,Looney REBOUND (Off:1 Def:0),,,0.65453,0.34547
10,0022100152,1,6,0,Curry 29' 3PT Jump Shot (6 PTS) (Looney 1 AST),,,0.67128,0.32872
11,0022100152,1,6,0,,,MISS Hunter 25' 3PT Step Back Jump Shot,0.67279,0.32721
12,0022100152,1,6,0,Wiggins REBOUND (Off:0 Def:1),,,0.69584,0.30416
13,0022100152,1,6,0,MISS Curry 8' Driving Floating Jump Shot,,,0.69643,0.30357
14,0022100152,1,8,0,Curry REBOUND (Off:1 Def:0),,,0.72248,0.27752
15,0022100152,1,8,0,Curry REBOUND (Off:1 Def:0),,,0.70071,0.29929
16,0022100152,1,8,0,Curry Putback Layup (8 PTS),,,0.72248,0.27752
17,0022100152,1,8,0,Curry Putback Layup (8 PTS),,,0.70071,0.29929
18,0022100152,1,8,0,,,MISS Bogdanovic 3PT Jump Shot,0.70183,0.29817
19,0022100152,1,8,0,,,Hawks Rebound,0.70211,0.29789
20,0022100152,1,8,0,,,Hawks Rebound,0.70211,0.29789
21,0022100152,1,8,3,,,Collins 28' 3PT Jump Shot (3 PTS) (Young 1 AST),0.68422,0.31578
22,0022100152,1,8,3,MISS Wiggins 29' 3PT Jump Shot,,,0.68491,0.31509
23,0022100152,1,8,3,,,Hawks Rebound,0.66168,0.33832
24,0022100152,1,8,3,,,Hawks Rebound,0.66168,0.33832
25,0022100152,1,8,3,Green STEAL (1 STL),,Young Bad Pass Turnover (P1.T1),0.68538,0.31462
26,0022100152,1,8,3,MISS Wiggins 4' Running Alley Oop Dunk Shot,,,0.68565,0.31435
27,0022100152,1,8,3,Curry REBOUND (Off:2 Def:0),,,0.68575,0.31425
28,0022100152,1,10,3,Curry Layup (10 PTS),,,0.69145,0.30855
29,0022100152,1,10,3,,,Hawks Timeout: Regular (Reg.1 Short 0),0.69209,0.30791
30,0022100152,1,10,6,,,Young 27' 3PT Step Back Jump Shot (3 PTS),0.67215,0.32785
31,0022100152,1,10,6,MISS Looney 18' Step Back Jump Shot,,,0.67297,0.32703
32,0022100152,1,10,6,Green REBOUND (Off:1 Def:0),,,0.67309,0.32691
33,0022100152,1,10,6,Green Bad Pass Turnover (P1.T1),,Young STEAL (1 STL),0.64941,0.35059
34,0022100152,1,10,8,,,Bogdanovic 12' Step Back Jump Shot (2 PTS) (Capela 1 AST),0.6422,0.3578
35,0022100152,1,10,8,WARRIORS Timeout: Regular (Full 1 Short 0),,,0.64227,0.35773
36,0022100152,1,10,8,MISS Green 28' 3PT Jump Shot,,,0.64235,0.35765
37,0022100152,1,10,8,,,Hunter REBOUND (Off:0 Def:1),0.61764,0.38236
38,0022100152,1,10,10,,,Bogdanovic 12' Turnaround Fadeaway (4 PTS),0.60884,0.39116
39,0022100152,1,10,10,MISS Wiggins 27' 3PT Jump Shot,,,0.60858,0.39142
40,0022100152,1,10,10,,,Hunter REBOUND (Off:0 Def:2),0.58299,0.41701
41,0022100152,1,10,12,,,Collins 6' Alley Oop Layup (5 PTS) (Young 2 AST),0.57272,0.42728
42,0022100152,1,10,12,MISS Curry 26' 3PT Step Back Jump Shot,,,0.572,0.428
43,0022100152,1,10,12,,,Capela REBOUND (Off:0 Def:1),0.54574,0.45426
44,0022100152,1,10,12,Looney S.FOUL (P1.T1) (M.Myers),,,0.54518,0.45482
45,0022100152,1,10,12,Looney S.FOUL (P1.T1) (M.Myers),,,0.54518,0.45482
46,0022100152,1,10,12,Looney S.FOUL (P1.T1) (M.Myers),,,0.54518,0.45482
47,0022100152,1,10,12,Looney S.FOUL (P1.T1) (M.Myers),,,0.54518,0.45482
48,0022100152,1,10,12,,,MISS Capela Free Throw 1 of 2,0.54518,0.45482
49,0022100152,1,10,12,,,MISS Capela Free Throw 1 of 2,0.54518,0.45482
50,0022100152,1,10,12,,,MISS Capela Free Throw 1 of 2,0.54518,0.45482
51,0022100152,1,10,12,,,MISS Capela Free Throw 1 of 2,0.54518,0.45482
52,0022100152,1,10,12,,,Hawks Rebound,0.54518,0.45482
53,0022100152,1,10,12,,,Hawks Rebound,0.54518,0.45482
54,0022100152,1,10,12,,,Hawks Rebound,0.54518,0.45482
55,0022100152,1,10,12,,,Hawks Rebound,0.54518,0.45482
56,0022100152,1,10,12,,,MISS Capela Free Throw 2 of 2,0.54518,0.45482
57,0022100152,1,10,12,,,MISS Capela Free Throw 2 of 2,0.54518,0.45482
58,0022100152,1,10,12,,,MISS Capela Free Throw 2 of 2,0.54518,0.45482
59,0022100152,1,10,12,,,MISS Capela Free Throw 2 of 2,0.54518,0.45482
60,0022100152,1,10,12,Looney REBOUND (Off:1 Def:1),,,0.57123,0.42877
61,0022100152,1,10,12,,,Hunter S.FOUL (P1.T1) (J.Capers),0.57057,0.42943
62,0022100152,1,11,12,,,Hunter S.FOUL (P1.T1) (J.Capers),0.58914,0.41086
63,0022100152,1,12,12,,,Hunter S.FOUL (P1.T1) (J.Capers),0.60746,0.39254
64,0022100152,1,13,12,,,Hunter S.FOUL (P1.T1) (J.Capers),0.60031,0.39969
65,0022100152,1,10,12,Curry Free Throw 1 of 3 (11 PTS),,,0.57057,0.42943
66,0022100152,1,11,12,Curry Free Throw 1 of 3 (11 PTS),,,0.58914,0.41086
67,0022100152,1,12,12,Curry Free Throw 1 of 3 (11 PTS),,,0.60746,0.39254
68,0022100152,1,13,12,Curry Free Throw 1 of 3 (11 PTS),,,0.60031,0.39969
69,0022100152,1,10,12,Curry Free Throw 2 of 3 (12 PTS),,,0.57057,0.42943
70,0022100152,1,11,12,Curry Free Throw 2 of 3 (12 PTS),,,0.58914,0.41086
71,0022100152,1,12,12,Curry Free Throw 2 of 3 (12 PTS),,,0.60746,0.39254
72,0022100152,1,13,12,Curry Free Throw 2 of 3 (12 PTS),,,0.60031,0.39969
73,0022100152,1,10,12,Curry Free Throw 3 of 3 (13 PTS),,,0.57057,0.42943
74,0022100152,1,11,12,Curry Free Throw 3 of 3 (13 PTS),,,0.58914,0.41086
75,0022100152,1,12,12,Curry Free Throw 3 of 3 (13 PTS),,,0.60746,0.39254
76,0022100152,1,13,12,Curry Free Throw 3 of 3 (13 PTS),,,0.60031,0.39969
77,0022100152,1,13,14,,,Young 17' Step Back Jump Shot (5 PTS) (Capela 2 AST),0.58849,0.41151
78,0022100152,1,15,14,Wiggins 3' Cutting Dunk Shot (2 PTS) (Curry 1 AST),,,0.60014,0.39986
79,0022100152,1,15,14,,,MISS Young 29' 3PT Running Pull-Up Jump Shot,0.60012,0.39988
80,0022100152,1,15,14,,,Capela REBOUND (Off:1 Def:1),0.6001,0.3999
81,0022100152,1,15,14,Looney S.FOUL (P2.T2) (J.Capers),,,0.60008,0.39992
82,0022100152,1,15,15,Looney S.FOUL (P2.T2) (J.Capers),,,0.58098,0.41902
83,0022100152,1,15,15,Looney S.FOUL (P2.T2) (J.Capers),,,0.58098,0.41902
84,0022100152,1,15,15,Looney S.FOUL (P2.T2) (J.Capers),,,0.58098,0.41902
85,0022100152,1,15,16,Looney S.FOUL (P2.T2) (J.Capers),,,0.58757,0.41243
86,0022100152,1,15,14,,,Collins Free Throw 1 of 2 (6 PTS),0.60008,0.39992
87,0022100152,1,15,15,,,Collins Free Throw 1 of 2 (6 PTS),0.58098,0.41902
88,0022100152,1,15,15,,,Collins Free Throw 1 of 2 (6 PTS),0.58098,0.41902
89,0022100152,1,15,15,,,Collins Free Throw 1 of 2 (6 PTS),0.58098,0.41902
90,0022100152,1,15,16,,,Collins Free Throw 1 of 2 (6 PTS),0.58757,0.41243
91,0022100152,1,15,14,SUB: Payton II FOR Curry,,,0.60008,0.39992
92,0022100152,1,15,15,SUB: Payton II FOR Curry,,,0.58098,0.41902
93,0022100152,1,15,15,SUB: Payton II FOR Curry,,,0.58098,0.41902
94,0022100152,1,15,15,SUB: Payton II FOR Curry,,,0.58098,0.41902
95,0022100152,1,15,16,SUB: Payton II FOR Curry,,,0.58757,0.41243
96,0022100152,1,15,14,SUB: Bjelica FOR Looney,,,0.60008,0.39992
97,0022100152,1,15,15,SUB: Bjelica FOR Looney,,,0.58098,0.41902
98,0022100152,1,15,15,SUB: Bjelica FOR Looney,,,0.58098,0.41902
99,0022100152,1,15,15,SUB: Bjelica FOR Looney,,,0.58098,0.41902
100,0022100152,1,15,16,SUB: Bjelica FOR Looney,,,0.58757,0.41243
101,0022100152,1,15,14,,,Collins Free Throw 2 of 2 (7 PTS),0.60008,0.39992
102,0022100152,1,15,15,,,Collins Free Throw 2 of 2 (7 PTS),0.58098,0.41902
103,0022100152,1,15,15,,,Collins Free Throw 2 of 2 (7 PTS),0.58098,0.41902
104,0022100152,1,15,15,,,Collins Free Throw 2 of 2 (7 PTS),0.58098,0.41902
105,0022100152,1,15,16,,,Collins Free Throw 2 of 2 (7 PTS),0.58757,0.41243
106,0022100152,1,18,16,Poole 26' 3PT Jump Shot (3 PTS) (Wiggins 1 AST),,,0.619,0.381
107,0022100152,1,18,19,,,Young 28' 3PT Step Back Jump Shot (8 PTS),0.5865,0.4135
108,0022100152,1,18,19,MISS Green 12' Floating Jump Shot,,,0.58604,0.41396
109,0022100152,1,18,19,Green REBOUND (Off:2 Def:0),,,0.58592,0.41408
110,0022100152,1,18,19,Green REBOUND (Off:2 Def:0),,,0.58592,0.41408
111,0022100152,1,18,19,Green REBOUND (Off:2 Def:0),,,0.58592,0.41408
112,0022100152,1,18,19,Green REBOUND (Off:2 Def:0),,,0.58592,0.41408
113,0022100152,1,18,19,,,Hunter P.FOUL (P2.T2) (J.Capers),0.58592,0.41408
114,0022100152,1,18,19,,,Hunter P.FOUL (P2.T2) (J.Capers),0.58592,0.41408
115,0022100152,1,18,19,,,Hunter P.FOUL (P2.T2) (J.Capers),0.58592,0.41408
116,0022100152,1,18,19,,,Hunter P.FOUL (P2.T2) (J.Capers),0.58592,0.41408
117,0022100152,1,18,19,,,SUB: Huerter FOR Hunter,0.58592,0.41408
118,0022100152,1,18,19,,,SUB: Huerter FOR Hunter,0.58592,0.41408
119,0022100152,1,18,19,,,SUB: Huerter FOR Hunter,0.58592,0.41408
120,0022100152,1,18,19,,,SUB: Huerter FOR Hunter,0.58592,0.41408
121,0022100152,1,18,19,,,SUB: Gallinari FOR Capela,0.58592,0.41408
122,0022100152,1,18,19,,,SUB: Gallinari FOR Capela,0.58592,0.41408
123,0022100152,1,18,19,,,SUB: Gallinari FOR Capela,0.58592,0.41408
124,0022100152,1,18,19,,,SUB: Gallinari FOR Capela,0.58592,0.41408
125,0022100152,1,18,19,MISS Wiggins 3' Alley Oop Dunk,,,0.55973,0.44027
126,0022100152,1,18,19,MISS Wiggins 3' Alley Oop Dunk,,,0.58569,0.41431
127,0022100152,1,18,19,MISS Wiggins 3' Alley Oop Dunk,,,0.55973,0.44027
128,0022100152,1,18,19,,,Hawks Rebound,0.55973,0.44027
129,0022100152,1,18,19,,,Hawks Rebound,0.58569,0.41431
130,0022100152,1,18,19,,,Hawks Rebound,0.55973,0.44027
131,0022100152,1,18,21,,,Young 3' Driving Finger Roll Layup (10 PTS),0.54449,0.45551
132,0022100152,1,18,21,,,Huerter S.FOUL (P1.T3) (J.Capers),0.54318,0.45682
133,0022100152,1,19,21,,,Huerter S.FOUL (P1.T3) (J.Capers),0.56399,0.43601
134,0022100152,1,20,21,,,Huerter S.FOUL (P1.T3) (J.Capers),0.5586,0.4414
135,0022100152,1,18,21,Wiggins Free Throw 1 of 2 (3 PTS),,,0.54318,0.45682
136,0022100152,1,19,21,Wiggins Free Throw 1 of 2 (3 PTS),,,0.56399,0.43601
137,0022100152,1,20,21,Wiggins Free Throw 1 of 2 (3 PTS),,,0.5586,0.4414
138,0022100152,1,18,21,Wiggins Free Throw 2 of 2 (4 PTS),,,0.54318,0.45682
139,0022100152,1,19,21,Wiggins Free Throw 2 of 2 (4 PTS),,,0.56399,0.43601
140,0022100152,1,20,21,Wiggins Free Throw 2 of 2 (4 PTS),,,0.5586,0.4414
141,0022100152,1,20,24,,,Collins 26' 3PT Jump Shot (10 PTS) (Young 3 AST),0.52133,0.47867
142,0022100152,1,20,24,MISS Green 5' Hook Shot,,,0.51962,0.48038
143,0022100152,1,20,24,Wiggins REBOUND (Off:1 Def:1),,,0.51944,0.48056
144,0022100152,1,22,24,Wiggins Putback Layup (6 PTS),,,0.53584,0.46416
145,0022100152,1,22,24,Bjelica P.FOUL (P1.T3) (M.Kogut),,,0.53551,0.46449
146,0022100152,1,22,24,,,MISS Gallinari 25' 3PT Jump Shot,0.535,0.465
147,0022100152,1,22,24,Wiggins REBOUND (Off:1 Def:2),,,0.56117,0.43883
148,0022100152,1,22,24,MISS Wiggins 28' 3PT Jump Shot,,,0.56006,0.43994
149,0022100152,1,22,24,,,Hawks Rebound,0.53366,0.46634
150,0022100152,1,22,24,,,Hawks Rebound,0.53366,0.46634
151,0022100152,1,22,24,,,Hawks Rebound,0.53366,0.46634
152,0022100152,1,22,24,Payton II L.B.FOUL (P1.T4) (M.Kogut),,,0.53366,0.46634
153,0022100152,1,22,24,Payton II L.B.FOUL (P1.T4) (M.Kogut),,,0.53366,0.46634
154,0022100152,1,22,24,Payton II L.B.FOUL (P1.T4) (M.Kogut),,,0.53366,0.46634
155,0022100152,1,22,24,,,SUB: Reddish FOR Bogdanovic,0.53366,0.46634
156,0022100152,1,22,24,,,SUB: Reddish FOR Bogdanovic,0.53366,0.46634
157,0022100152,1,22,24,,,SUB: Reddish FOR Bogdanovic,0.53366,0.46634
158,0022100152,1,22,24,,,MISS Gallinari 26' 3PT Jump Shot,0.53304,0.46696
159,0022100152,1,22,24,Green REBOUND (Off:2 Def:1),,,0.55923,0.44077
160,0022100152,1,22,24,MISS Poole 32' 3PT Jump Shot,,,0.55873,0.44127
161,0022100152,1,22,24,,,Collins REBOUND (Off:0 Def:1),0.53226,0.46774
162,0022100152,1,22,27,,,Young 29' 3PT Running Pull-Up Jump Shot (13 PTS),0.49009,0.50991
163,0022100152,1,22,27,Bjelica Lost Ball Turnover (P1.T2),,Gallinari STEAL (1 STL),0.46162,0.53838
164,0022100152,1,22,27,,,MISS Young 17' Running Pull-Up Jump Shot,0.4613,0.5387
165,0022100152,1,22,27,,,MISS Young 17' Running Pull-Up Jump Shot,0.4613,0.5387
166,0022100152,1,22,27,,,MISS Young 17' Running Pull-Up Jump Shot,0.4613,0.5387
167,0022100152,1,22,28,,,MISS Young 17' Running Pull-Up Jump Shot,0.43837,0.56163
168,0022100152,1,22,28,,,MISS Young 17' Running Pull-Up Jump Shot,0.43837,0.56163
169,0022100152,1,22,28,,,MISS Young 17' Running Pull-Up Jump Shot,0.43837,0.56163
170,0022100152,1,22,28,,,MISS Young 17' Running Pull-Up Jump Shot,0.43837,0.56163
171,0022100152,1,22,29,,,MISS Young 17' Running Pull-Up Jump Shot,0.44168,0.55832
172,0022100152,1,22,27,,,Hawks Rebound,0.4613,0.5387
173,0022100152,1,22,27,,,Hawks Rebound,0.4613,0.5387
174,0022100152,1,22,27,,,Hawks Rebound,0.4613,0.5387
175,0022100152,1,22,28,,,Hawks Rebound,0.43837,0.56163
176,0022100152,1,22,28,,,Hawks Rebound,0.43837,0.56163
177,0022100152,1,22,28,,,Hawks Rebound,0.43837,0.56163
178,0022100152,1,22,28,,,Hawks Rebound,0.43837,0.56163
179,0022100152,1,22,29,,,Hawks Rebound,0.44168,0.55832
180,0022100152,1,22,27,Bjelica L.B.FOUL (P2.PN) (M.Myers),,,0.4613,0.5387
181,0022100152,1,22,27,Bjelica L.B.FOUL (P2.PN) (M.Myers),,,0.4613,0.5387
182,0022100152,1,22,27,Bjelica L.B.FOUL (P2.PN) (M.Myers),,,0.4613,0.5387
183,0022100152,1,22,28,Bjelica L.B.FOUL (P2.PN) (M.Myers),,,0.43837,0.56163
184,0022100152,1,22,28,Bjelica L.B.FOUL (P2.PN) (M.Myers),,,0.43837,0.56163
185,0022100152,1,22,28,Bjelica L.B.FOUL (P2.PN) (M.Myers),,,0.43837,0.56163
186,0022100152,1,22,28,Bjelica L.B.FOUL (P2.PN) (M.Myers),,,0.43837,0.56163
187,0022100152,1,22,29,Bjelica L.B.FOUL (P2.PN) (M.Myers),,,0.44168,0.55832
188,0022100152,1,22,27,,,Collins Free Throw 1 of 2 (11 PTS),0.4613,0.5387
189,0022100152,1,22,27,,,Collins Free Throw 1 of 2 (11 PTS),0.4613,0.5387
190,0022100152,1,22,27,,,Collins Free Throw 1 of 2 (11 PTS),0.4613,0.5387
191,0022100152,1,22,28,,,Collins Free Throw 1 of 2 (11 PTS),0.43837,0.56163
192,0022100152,1,22,28,,,Collins Free Throw 1 of 2 (11 PTS),0.43837,0.56163
193,0022100152,1,22,28,,,Collins Free Throw 1 of 2 (11 PTS),0.43837,0.56163
194,0022100152,1,22,28,,,Collins Free Throw 1 of 2 (11 PTS),0.43837,0.56163
195,0022100152,1,22,29,,,Collins Free Throw 1 of 2 (11 PTS),0.44168,0.55832
196,0022100152,1,22,27,SUB: Iguodala FOR Poole,,,0.4613,0.5387
197,0022100152,1,22,27,SUB: Iguodala FOR Poole,,,0.4613,0.5387
198,0022100152,1,22,27,SUB: Iguodala FOR Poole,,,0.4613,0.5387
199,0022100152,1,22,28,SUB: Iguodala FOR Poole,,,0.43837,0.56163
200,0022100152,1,22,28,SUB: Iguodala FOR Poole,,,0.43837,0.56163
201,0022100152,1,22,28,SUB: Iguodala FOR Poole,,,0.43837,0.56163
202,0022100152,1,22,28,SUB: Iguodala FOR Poole,,,0.43837,0.56163
203,0022100152,1,22,29,SUB: Iguodala FOR Poole,,,0.44168,0.55832
204,0022100152,1,22,27,SUB: Curry FOR Wiggins,,,0.4613,0.5387
205,0022100152,1,22,27,SUB: Curry FOR Wiggins,,,0.4613,0.5387
206,0022100152,1,22,27,SUB: Curry FOR Wiggins,,,0.4613,0.5387
207,0022100152,1,22,28,SUB: Curry FOR Wiggins,,,0.43837,0.56163
208,0022100152,1,22,28,SUB: Curry FOR Wiggins,,,0.43837,0.56163
209,0022100152,1,22,28,SUB: Curry FOR Wiggins,,,0.43837,0.56163
210,0022100152,1,22,28,SUB: Curry FOR Wiggins,,,0.43837,0.56163
211,0022100152,1,22,29,SUB: Curry FOR Wiggins,,,0.44168,0.55832
212,0022100152,1,22,27,SUB: Kuminga FOR Green,,,0.4613,0.5387
213,0022100152,1,22,27,SUB: Kuminga FOR Green,,,0.4613,0.5387
214,0022100152,1,22,27,SUB: Kuminga FOR Green,,,0.4613,0.5387
215,0022100152,1,22,28,SUB: Kuminga FOR Green,,,0.43837,0.56163
216,0022100152,1,22,28,SUB: Kuminga FOR Green,,,0.43837,0.56163
217,0022100152,1,22,28,SUB: Kuminga FOR Green,,,0.43837,0.56163
218,0022100152,1,22,28,SUB: Kuminga FOR Green,,,0.43837,0.56163
219,0022100152,1,22,29,SUB: Kuminga FOR Green,,,0.44168,0.55832
220,0022100152,1,22,27,,,Collins Free Throw 2 of 2 (12 PTS),0.4613,0.5387
221,0022100152,1,22,27,,,Collins Free Throw 2 of 2 (12 PTS),0.4613,0.5387
222,0022100152,1,22,27,,,Collins Free Throw 2 of 2 (12 PTS),0.4613,0.5387
223,0022100152,1,22,28,,,Collins Free Throw 2 of 2 (12 PTS),0.43837,0.56163
224,0022100152,1,22,28,,,Collins Free Throw 2 of 2 (12 PTS),0.43837,0.56163
225,0022100152,1,22,28,,,Collins Free Throw 2 of 2 (12 PTS),0.43837,0.56163
226,0022100152,1,22,28,,,Collins Free Throw 2 of 2 (12 PTS),0.43837,0.56163
227,0022100152,1,22,29,,,Collins Free Throw 2 of 2 (12 PTS),0.44168,0.55832
228,0022100152,1,22,29,Bjelica Out of Bounds - Bad Pass Turnover Turnover (P2.T3),,,0.41311,0.58689
229,0022100152,1,22,29,Bjelica Out of Bounds - Bad Pass Turnover Turnover (P2.T3),,,0.41311,0.58689
230,0022100152,1,22,29,,,MISS Young 32' 3PT Step Back Jump Shot,0.41161,0.58839
231,0022100152,1,22,29,Curry REBOUND (Off:2 Def:1),,,0.43684,0.56316
232,0022100152,1,22,29,MISS Curry 30' 3PT Step Back Jump Shot,,,0.43629,0.56371
233,0022100152,1,22,29,,,Huerter REBOUND (Off:0 Def:1),0.41012,0.58988
234,0022100152,1,22,29,,,MISS Young 4' Running Layup,0.40863,0.59137
235,0022100152,1,22,29,Payton II REBOUND (Off:0 Def:1),,,0.43422,0.56578
236,0022100152,1,24,29,Bjelica 4' Driving Layup (2 PTS) (Iguodala 1 AST),,,0.45505,0.54495
237,0022100152,1,24,32,,,Huerter 27' 3PT Jump Shot (3 PTS),0.40724,0.59276
238,0022100152,1,26,32,Payton II 4' Running Finger Roll Layup (2 PTS) (Curry 2 AST),,,0.4277,0.5723
239,0022100152,1,26,32,,,MISS Gallinari 3PT Jump Shot,0.42553,0.57447
240,0022100152,1,26,32,Kuminga REBOUND (Off:0 Def:1),,,0.45128,0.54872
241,0022100152,1,26,32,,,Reddish S.FOUL (P1.T4) (M.Myers),0.45067,0.54933
242,0022100152,1,27,32,,,Reddish S.FOUL (P1.T4) (M.Myers),0.47561,0.52439
243,0022100152,1,27,32,,,Reddish S.FOUL (P1.T4) (M.Myers),0.47561,0.52439
244,0022100152,1,27,32,,,Reddish S.FOUL (P1.T4) (M.Myers),0.47561,0.52439
245,0022100152,1,27,32,,,Reddish S.FOUL (P1.T4) (M.Myers),0.47561,0.52439
246,0022100152,1,26,32,Kuminga Free Throw 1 of 2 (1 PTS),,,0.45067,0.54933
247,0022100152,1,27,32,Kuminga Free Throw 1 of 2 (1 PTS),,,0.47561,0.52439
248,0022100152,1,27,32,Kuminga Free Throw 1 of 2 (1 PTS),,,0.47561,0.52439
249,0022100152,1,27,32,Kuminga Free Throw 1 of 2 (1 PTS),,,0.47561,0.52439
250,0022100152,1,27,32,Kuminga Free Throw 1 of 2 (1 PTS),,,0.47561,0.52439
251,0022100152,1,26,32,,,SUB: Wright FOR Young,0.45067,0.54933
252,0022100152,1,27,32,,,SUB: Wright FOR Young,0.47561,0.52439
253,0022100152,1,27,32,,,SUB: Wright FOR Young,0.47561,0.52439
254,0022100152,1,27,32,,,SUB: Wright FOR Young,0.47561,0.52439
255,0022100152,1,27,32,,,SUB: Wright FOR Young,0.47561,0.52439
256,0022100152,1,26,32,,,SUB: S. Hill FOR Collins,0.45067,0.54933
257,0022100152,1,27,32,,,SUB: S. Hill FOR Collins,0.47561,0.52439
258,0022100152,1,27,32,,,SUB: S. Hill FOR Collins,0.47561,0.52439
259,0022100152,1,27,32,,,SUB: S. Hill FOR Collins,0.47561,0.52439
260,0022100152,1,27,32,,,SUB: S. Hill FOR Collins,0.47561,0.52439
261,0022100152,1,26,32,MISS Kuminga Free Throw 2 of 2,,,0.45067,0.54933
262,0022100152,1,27,32,MISS Kuminga Free Throw 2 of 2,,,0.47561,0.52439
263,0022100152,1,27,32,MISS Kuminga Free Throw 2 of 2,,,0.47561,0.52439
264,0022100152,1,27,32,MISS Kuminga Free Throw 2 of 2,,,0.47561,0.52439
265,0022100152,1,27,32,MISS Kuminga Free Throw 2 of 2,,,0.47561,0.52439
266,0022100152,1,27,32,,,Huerter REBOUND (Off:0 Def:2),0.44882,0.55118
267,0022100152,1,27,32,Bjelica STEAL (1 STL),,Reddish Lost Ball Turnover (P1.T2),0.47349,0.52651
268,0022100152,1,27,32,MISS Kuminga 4' Running Layup,,,0.47306,0.52694
269,0022100152,1,27,32,,,Huerter REBOUND (Off:0 Def:3),0.4465,0.5535
270,0022100152,1,27,32,,,Huerter REBOUND (Off:0 Def:3),0.47285,0.52715
271,0022100152,1,27,32,Payton II STEAL (1 STL),,Huerter Lost Ball Turnover (P1.T3),0.4465,0.5535
272,0022100152,1,27,32,Payton II STEAL (1 STL),,Huerter Lost Ball Turnover (P1.T3),0.47285,0.52715
273,0022100152,1,30,32,Curry 29' 3PT Jump Shot (16 PTS),,,0.52267,0.47733
274,0022100152,1,30,32,,,MISS Reddish 30' 3PT Jump Shot,0.52177,0.47823
275,0022100152,1,30,32,WARRIORS Rebound,,,0.54799,0.45201
276,0022100152,1,30,32,WARRIORS Rebound,,,0.54799,0.45201
277,0022100152,1,30,32,Kuminga Lost Ball Turnover (P1.T4),,Wright STEAL (1 STL),0.52065,0.47935
278,0022100152,1,30,32,Kuminga Lost Ball Turnover (P1.T4),,Wright STEAL (1 STL),0.52065,0.47935
279,0022100152,1,30,33,Kuminga Lost Ball Turnover (P1.T4),,Wright STEAL (1 STL),0.49448,0.50552
280,0022100152,1,30,33,Kuminga Lost Ball Turnover (P1.T4),,Wright STEAL (1 STL),0.49448,0.50552
281,0022100152,1,30,33,Kuminga Lost Ball Turnover (P1.T4),,Wright STEAL (1 STL),0.49448,0.50552
282,0022100152,1,30,34,Kuminga Lost Ball Turnover (P1.T4),,Wright STEAL (1 STL),0.49484,0.50516
283,0022100152,1,30,32,Kuminga P.FOUL (P1.PN) (J.Capers),,,0.52065,0.47935
284,0022100152,1,30,32,Kuminga P.FOUL (P1.PN) (J.Capers),,,0.52065,0.47935
285,0022100152,1,30,33,Kuminga P.FOUL (P1.PN) (J.Capers),,,0.49448,0.50552
286,0022100152,1,30,33,Kuminga P.FOUL (P1.PN) (J.Capers),,,0.49448,0.50552
287,0022100152,1,30,33,Kuminga P.FOUL (P1.PN) (J.Capers),,,0.49448,0.50552
288,0022100152,1,30,34,Kuminga P.FOUL (P1.PN) (J.Capers),,,0.49484,0.50516
289,0022100152,1,30,32,,,Wright Free Throw 1 of 2 (1 PTS),0.52065,0.47935
290,0022100152,1,30,32,,,Wright Free Throw 1 of 2 (1 PTS),0.52065,0.47935
291,0022100152,1,30,33,,,Wright Free Throw 1 of 2 (1 PTS),0.49448,0.50552
292,0022100152,1,30,33,,,Wright Free Throw 1 of 2 (1 PTS),0.49448,0.50552
293,0022100152,1,30,33,,,Wright Free Throw 1 of 2 (1 PTS),0.49448,0.50552
294,0022100152,1,30,34,,,Wright Free Throw 1 of 2 (1 PTS),0.49484,0.50516
295,0022100152,1,30,32,SUB: Poole FOR Payton II,,,0.52065,0.47935
296,0022100152,1,30,32,SUB: Poole FOR Payton II,,,0.52065,0.47935
297,0022100152,1,30,33,SUB: Poole FOR Payton II,,,0.49448,0.50552
298,0022100152,1,30,33,SUB: Poole FOR Payton II,,,0.49448,0.50552
299,0022100152,1,30,33,SUB: Poole FOR Payton II,,,0.49448,0.50552
300,0022100152,1,30,34,SUB: Poole FOR Payton II,,,0.49484,0.50516
301,0022100152,1,30,32,SUB: Lee FOR Kuminga,,,0.52065,0.47935
302,0022100152,1,30,32,SUB: Lee FOR Kuminga,,,0.52065,0.47935
303,0022100152,1,30,33,SUB: Lee FOR Kuminga,,,0.49448,0.50552
304,0022100152,1,30,33,SUB: Lee FOR Kuminga,,,0.49448,0.50552
305,0022100152,1,30,33,SUB: Lee FOR Kuminga,,,0.49448,0.50552
306,0022100152,1,30,34,SUB: Lee FOR Kuminga,,,0.49484,0.50516
307,0022100152,1,30,32,,,Wright Free Throw 2 of 2 (2 PTS),0.52065,0.47935
308,0022100152,1,30,32,,,Wright Free Throw 2 of 2 (2 PTS),0.52065,0.47935
309,0022100152,1,30,33,,,Wright Free Throw 2 of 2 (2 PTS),0.49448,0.50552
310,0022100152,1,30,33,,,Wright Free Throw 2 of 2 (2 PTS),0.49448,0.50552
311,0022100152,1,30,33,,,Wright Free Throw 2 of 2 (2 PTS),0.49448,0.50552
312,0022100152,1,30,34,,,Wright Free Throw 2 of 2 (2 PTS),0.49484,0.50516
313,0022100152,1,30,34,,,Reddish S.FOUL (P2.PN) (J.Capers),0.49349,0.50651
314,0022100152,1,31,34,,,Reddish S.FOUL (P2.PN) (J.Capers),0.51991,0.48009
315,0022100152,1,31,34,,,Reddish S.FOUL (P2.PN) (J.Capers),0.51991,0.48009
316,0022100152,1,32,34,,,Reddish S.FOUL (P2.PN) (J.Capers),0.5198,0.4802
317,0022100152,1,32,34,,,Reddish S.FOUL (P2.PN) (J.Capers),0.5198,0.4802
318,0022100152,1,30,34,Bjelica Free Throw 1 of 2 (3 PTS),,,0.49349,0.50651
319,0022100152,1,31,34,Bjelica Free Throw 1 of 2 (3 PTS),,,0.51991,0.48009
320,0022100152,1,31,34,Bjelica Free Throw 1 of 2 (3 PTS),,,0.51991,0.48009
321,0022100152,1,32,34,Bjelica Free Throw 1 of 2 (3 PTS),,,0.5198,0.4802
322,0022100152,1,32,34,Bjelica Free Throw 1 of 2 (3 PTS),,,0.5198,0.4802
323,0022100152,1,30,34,SUB: Payton II FOR Curry,,,0.49349,0.50651
324,0022100152,1,31,34,SUB: Payton II FOR Curry,,,0.51991,0.48009
325,0022100152,1,31,34,SUB: Payton II FOR Curry,,,0.51991,0.48009
326,0022100152,1,32,34,SUB: Payton II FOR Curry,,,0.5198,0.4802
327,0022100152,1,32,34,SUB: Payton II FOR Curry,,,0.5198,0.4802
328,0022100152,1,30,34,Bjelica Free Throw 2 of 2 (4 PTS),,,0.49349,0.50651
329,0022100152,1,31,34,Bjelica Free Throw 2 of 2 (4 PTS),,,0.51991,0.48009
330,0022100152,1,31,34,Bjelica Free Throw 2 of 2 (4 PTS),,,0.51991,0.48009
331,0022100152,1,32,34,Bjelica Free Throw 2 of 2 (4 PTS),,,0.5198,0.4802
332,0022100152,1,32,34,Bjelica Free Throw 2 of 2 (4 PTS),,,0.5198,0.4802
333,0022100152,1,30,34,,End of 1st Period (10:39 PM EST),,0.49349,0.50651
334,0022100152,1,31,34,,End of 1st Period (10:39 PM EST),,0.51991,0.48009
335,0022100152,1,31,34,,End of 1st Period (10:39 PM EST),,0.51991,0.48009
336,0022100152,1,32,34,,End of 1st Period (10:39 PM EST),,0.5198,0.4802
337,0022100152,1,32,34,,End of 1st Period (10:39 PM EST),,0.5198,0.4802
338,0022100152,2,32,34,,Start of 2nd Period (10:42 PM EST),,0.5198,0.4802
339,0022100152,2,32,36,,,Gallinari 5' Layup (2 PTS) (Huerter 1 AST),0.49187,0.50813
340,0022100152,2,32,36,MISS Poole 29' 3PT Jump Shot,,,0.48945,0.51055
341,0022100152,2,32,36,,,Reddish REBOUND (Off:0 Def:1),0.46281,0.53719
342,0022100152,2,32,36,,,MISS Reddish 29' 3PT Step Back Jump Shot,0.46201,0.53799
343,0022100152,2,32,36,,,Wright REBOUND (Off:1 Def:0),0.46183,0.53817
344,0022100152,2,32,39,,,Huerter 28' 3PT Jump Shot (6 PTS) (Wright 1 AST),0.40663,0.59337
345,0022100152,2,32,39,MISS Curry 3PT Jump Shot,,,0.4046,0.5954
346,0022100152,2,32,39,,,Wright REBOUND (Off:1 Def:1),0.37906,0.62094
347,0022100152,2,32,39,,,MISS S. Hill 3' Cutting Layup Shot,0.37734,0.62266
348,0022100152,2,32,39,,,Wright REBOUND (Off:2 Def:1),0.37708,0.62292
349,0022100152,2,32,39,,,Wright REBOUND (Off:2 Def:1),0.37708,0.62292
350,0022100152,2,32,39,Poole P.FOUL (P1.T1) (M.Kogut),,,0.37708,0.62292
351,0022100152,2,32,39,Poole P.FOUL (P1.T1) (M.Kogut),,,0.37708,0.62292
352,0022100152,2,32,39,Toscano-Anderson S.FOUL (P1.T2) (J.Capers),,,0.37563,0.62437
353,0022100152,2,32,40,Toscano-Anderson S.FOUL (P1.T2) (J.Capers),,,0.34958,0.65042
354,0022100152,2,32,41,Toscano-Anderson S.FOUL (P1.T2) (J.Capers),,,0.34807,0.65193
355,0022100152,2,32,39,,,Gallinari Free Throw 1 of 2 (3 PTS),0.37563,0.62437
356,0022100152,2,32,40,,,Gallinari Free Throw 1 of 2 (3 PTS),0.34958,0.65042
357,0022100152,2,32,41,,,Gallinari Free Throw 1 of 2 (3 PTS),0.34807,0.65193
358,0022100152,2,32,39,,,Gallinari Free Throw 2 of 2 (4 PTS),0.37563,0.62437
359,0022100152,2,32,40,,,Gallinari Free Throw 2 of 2 (4 PTS),0.34958,0.65042
360,0022100152,2,32,41,,,Gallinari Free Throw 2 of 2 (4 PTS),0.34807,0.65193
361,0022100152,2,32,41,MISS Curry 13' Driving Floating Jump Shot,,,0.34477,0.65523
362,0022100152,2,32,41,,,Wright REBOUND (Off:2 Def:2),0.3209,0.6791
363,0022100152,2,32,41,Iguodala S.FOUL (P1.T3) (M.Kogut),,,0.31954,0.68046
364,0022100152,2,32,42,Iguodala S.FOUL (P1.T3) (M.Kogut),,,0.29509,0.70491
365,0022100152,2,32,43,Iguodala S.FOUL (P1.T3) (M.Kogut),,,0.29327,0.70673
366,0022100152,2,32,41,,,Wright Free Throw 1 of 2 (3 PTS),0.31954,0.68046
367,0022100152,2,32,42,,,Wright Free Throw 1 of 2 (3 PTS),0.29509,0.70491
368,0022100152,2,32,43,,,Wright Free Throw 1 of 2 (3 PTS),0.29327,0.70673
369,0022100152,2,32,41,,,Wright Free Throw 2 of 2 (4 PTS),0.31954,0.68046
370,0022100152,2,32,42,,,Wright Free Throw 2 of 2 (4 PTS),0.29509,0.70491
371,0022100152,2,32,43,,,Wright Free Throw 2 of 2 (4 PTS),0.29327,0.70673
372,0022100152,2,35,43,Toscano-Anderson 3PT Jump Shot (3 PTS) (Lee 1 AST),,,0.34219,0.65781
373,0022100152,2,35,45,,,Huerter 20' Pullup Jump Shot (8 PTS),0.31139,0.68861
374,0022100152,2,35,45,MISS Iguodala 28' 3PT Jump Shot,,,0.30943,0.69057
375,0022100152,2,35,45,,,S. Hill REBOUND (Off:0 Def:1),0.28692,0.71308
376,0022100152,2,35,45,Poole STEAL (1 STL),,Gallinari Lost Ball Turnover (P1.T4),0.30586,0.69414
377,0022100152,2,35,45,,,Wright Personal Take Foul (P1.T1) (M.Myers),0.3057,0.6943
378,0022100152,2,37,45,Iguodala 3' Dunk (2 PTS) (Poole 1 AST),,,0.33251,0.66749
379,0022100152,2,37,45,,,MISS Huerter 28' 3PT Jump Shot,0.33084,0.66916
380,0022100152,2,37,45,Toscano-Anderson REBOUND (Off:0 Def:1),,,0.35431,0.64569
381,0022100152,2,39,45,Lee 3' Driving Layup (2 PTS),,,0.38546,0.61454
382,0022100152,2,39,45,,,Hawks Timeout: Regular (Reg.2 Short 0),0.38475,0.61525
383,0022100152,2,39,45,,,Hawks Timeout: Regular (Reg.2 Short 0),0.38475,0.61525
384,0022100152,2,39,45,,,Hawks Timeout: Regular (Reg.2 Short 0),0.38475,0.61525
385,0022100152,2,39,45,,,Hawks Timeout: Regular (Reg.2 Short 0),0.38475,0.61525
386,0022100152,2,39,45,,,Hawks Timeout: Regular (Reg.2 Short 0),0.38475,0.61525
387,0022100152,2,39,45,SUB: Wiggins FOR Curry,,,0.38475,0.61525
388,0022100152,2,39,45,SUB: Wiggins FOR Curry,,,0.38475,0.61525
389,0022100152,2,39,45,SUB: Wiggins FOR Curry,,,0.38475,0.61525
390,0022100152,2,39,45,SUB: Wiggins FOR Curry,,,0.38475,0.61525
391,0022100152,2,39,45,SUB: Wiggins FOR Curry,,,0.38475,0.61525
392,0022100152,2,39,45,SUB: Green FOR Toscano-Anderson,,,0.38475,0.61525
393,0022100152,2,39,45,SUB: Green FOR Toscano-Anderson,,,0.38475,0.61525
394,0022100152,2,39,45,SUB: Green FOR Toscano-Anderson,,,0.38475,0.61525
395,0022100152,2,39,45,SUB: Green FOR Toscano-Anderson,,,0.38475,0.61525
396,0022100152,2,39,45,SUB: Green FOR Toscano-Anderson,,,0.38475,0.61525
397,0022100152,2,39,45,,,SUB: Hunter FOR S. Hill,0.38475,0.61525
398,0022100152,2,39,45,,,SUB: Hunter FOR S. Hill,0.38475,0.61525
399,0022100152,2,39,45,,,SUB: Hunter FOR S. Hill,0.38475,0.61525
400,0022100152,2,39,45,,,SUB: Hunter FOR S. Hill,0.38475,0.61525
401,0022100152,2,39,45,,,SUB: Hunter FOR S. Hill,0.38475,0.61525
402,0022100152,2,39,45,,,SUB: Collins FOR Reddish,0.38475,0.61525
403,0022100152,2,39,45,,,SUB: Collins FOR Reddish,0.38475,0.61525
404,0022100152,2,39,45,,,SUB: Collins FOR Reddish,0.38475,0.61525
405,0022100152,2,39,45,,,SUB: Collins FOR Reddish,0.38475,0.61525
406,0022100152,2,39,45,,,SUB: Collins FOR Reddish,0.38475,0.61525
407,0022100152,2,39,47,,,Collins 6' Turnaround Jump Shot (14 PTS) (Huerter 2 AST),0.35087,0.64913
408,0022100152,2,39,47,,,Collins T.FOUL (P0.T1) (M.Myers),0.35044,0.64956
409,0022100152,2,40,47,,,Collins T.FOUL (P0.T1) (M.Myers),0.37909,0.62091
410,0022100152,2,40,47,,,Collins T.FOUL (P0.T1) (M.Myers),0.37909,0.62091
411,0022100152,2,40,47,,,Collins T.FOUL (P0.T1) (M.Myers),0.37909,0.62091
412,0022100152,2,39,47,Poole Free Throw Technical (4 PTS),,,0.35044,0.64956
413,0022100152,2,40,47,Poole Free Throw Technical (4 PTS),,,0.37909,0.62091
414,0022100152,2,40,47,Poole Free Throw Technical (4 PTS),,,0.37909,0.62091
415,0022100152,2,40,47,Poole Free Throw Technical (4 PTS),,,0.37909,0.62091
416,0022100152,2,39,47,,,SUB: Bogdanovic FOR Wright,0.35044,0.64956
417,0022100152,2,40,47,,,SUB: Bogdanovic FOR Wright,0.37909,0.62091
418,0022100152,2,40,47,,,SUB: Bogdanovic FOR Wright,0.37909,0.62091
419,0022100152,2,40,47,,,SUB: Bogdanovic FOR Wright,0.37909,0.62091
420,0022100152,2,39,47,,,SUB: Young FOR Huerter,0.35044,0.64956
421,0022100152,2,40,47,,,SUB: Young FOR Huerter,0.37909,0.62091
422,0022100152,2,40,47,,,SUB: Young FOR Huerter,0.37909,0.62091
423,0022100152,2,40,47,,,SUB: Young FOR Huerter,0.37909,0.62091
424,0022100152,2,40,47,MISS Poole 14' Driving Floating Jump Shot,,,0.37777,0.62223
425,0022100152,2,40,47,,,Young REBOUND (Off:0 Def:1),0.35291,0.64709
426,0022100152,2,40,49,,,Collins 7' Turnaround Hook Shot (16 PTS) (Young 4 AST),0.31919,0.68081
427,0022100152,2,40,49,MISS Iguodala 27' 3PT Jump Shot,,,0.31693,0.68307
428,0022100152,2,40,49,,,Hawks Rebound,0.29427,0.70573
429,0022100152,2,40,49,,,Hawks Rebound,0.29427,0.70573
430,0022100152,2,40,49,,,SUB: Capela FOR Gallinari,0.29427,0.70573
431,0022100152,2,40,49,,,SUB: Capela FOR Gallinari,0.29427,0.70573
432,0022100152,2,40,52,,,Bogdanovic 3PT Jump Shot (7 PTS) (Young 5 AST),0.23813,0.76187
433,0022100152,2,40,52,MISS Green 5' Layup,,Capela BLOCK (1 BLK),0.2336,0.7664
434,0022100152,2,40,52,WARRIORS Rebound,,,0.23344,0.76656
435,0022100152,2,40,52,WARRIORS Rebound,,,0.21499,0.78501
436,0022100152,2,40,52,WARRIORS Rebound,,,0.21499,0.78501
437,0022100152,2,40,52,WARRIORS Turnover: Shot Clock (T#5),,,0.23344,0.76656
438,0022100152,2,40,52,WARRIORS Turnover: Shot Clock (T#5),,,0.21499,0.78501
439,0022100152,2,40,52,WARRIORS Turnover: Shot Clock (T#5),,,0.21499,0.78501
440,0022100152,2,40,52,SUB: Looney FOR Iguodala,,,0.23344,0.76656
441,0022100152,2,40,52,SUB: Looney FOR Iguodala,,,0.21499,0.78501
442,0022100152,2,40,52,SUB: Looney FOR Iguodala,,,0.21499,0.78501
443,0022100152,2,40,52,Lee BLOCK (1 BLK),,MISS Capela 1' Dunk,0.21303,0.78697
444,0022100152,2,40,52,Lee BLOCK (1 BLK),,MISS Capela 1' Dunk,0.21303,0.78697
445,0022100152,2,40,52,,,Hawks Rebound,0.21303,0.78697
446,0022100152,2,40,52,,,Hawks Rebound,0.21303,0.78697
447,0022100152,2,40,55,,,Bogdanovic 3PT Jump Shot (10 PTS) (Young 6 AST),0.16807,0.83193
448,0022100152,2,40,55,WARRIORS Timeout: Regular (Full 2 Short 0),,,0.16777,0.83223
449,0022100152,2,42,55,Lee 17' Pullup Jump Shot (4 PTS),,,0.18858,0.81142
450,0022100152,2,42,57,,,Young 6' Driving Finger Roll Layup (15 PTS),0.16202,0.83798
451,0022100152,2,42,57,MISS Wiggins 8' Turnaround Jump Shot,,,0.1601,0.8399
452,0022100152,2,42,57,,,Capela REBOUND (Off:1 Def:2),0.14565,0.85435
453,0022100152,2,42,57,,,MISS Capela 3' Cutting Layup Shot,0.14416,0.85584
454,0022100152,2,42,57,Looney REBOUND (Off:1 Def:2),,,0.15731,0.84269
455,0022100152,2,42,57,Looney REBOUND (Off:1 Def:2),,,0.15731,0.84269
456,0022100152,2,42,57,Looney REBOUND (Off:1 Def:2),,,0.15731,0.84269
457,0022100152,2,42,57,,,Young Personal Take Foul (P1.T2) (M.Kogut),0.15731,0.84269
458,0022100152,2,42,57,,,Young Personal Take Foul (P1.T2) (M.Kogut),0.15731,0.84269
459,0022100152,2,42,57,,,Young Personal Take Foul (P1.T2) (M.Kogut),0.15731,0.84269
460,0022100152,2,42,57,,,SUB: Gallinari FOR Collins,0.15731,0.84269
461,0022100152,2,42,57,,,SUB: Gallinari FOR Collins,0.15731,0.84269
462,0022100152,2,42,57,,,SUB: Gallinari FOR Collins,0.15731,0.84269
463,0022100152,2,42,57,MISS Poole 9' Driving Floating Jump Shot,,,0.15688,0.84312
464,0022100152,2,42,57,Green REBOUND (Off:3 Def:1),,,0.15658,0.84342
465,0022100152,2,42,57,MISS Green Tip Layup Shot,,,0.1563,0.8437
466,0022100152,2,42,57,MISS Green Tip Layup Shot,,,0.1563,0.8437
467,0022100152,2,42,57,WARRIORS Rebound,,,0.1563,0.8437
468,0022100152,2,42,57,WARRIORS Rebound,,,0.1563,0.8437
469,0022100152,2,42,57,MISS Lee 14' Pullup Jump Shot,,Bogdanovic BLOCK (1 BLK),0.15528,0.84472
470,0022100152,2,42,57,WARRIORS Rebound,,,0.15514,0.84486
471,0022100152,2,42,57,WARRIORS Rebound,,,0.15514,0.84486
472,0022100152,2,44,57,Wiggins 5' Turnaround Hook Shot (8 PTS) (Green 2 AST),,,0.17806,0.82194
473,0022100152,2,44,59,,,Young 13' Driving Floating Jump Shot (17 PTS),0.15228,0.84772
474,0022100152,2,46,59,Wiggins 3' Alley Oop Dunk (10 PTS) (Green 3 AST),,,0.174,0.826
475,0022100152,2,46,59,Green P.FOUL (P1.T4) (J.Capers),,,0.17194,0.82806
476,0022100152,2,46,59,Green P.FOUL (P1.T4) (J.Capers),,,0.17194,0.82806
477,0022100152,2,46,59,Green P.FOUL (P1.T4) (J.Capers),,,0.17194,0.82806
478,0022100152,2,46,59,Green P.FOUL (P1.T4) (J.Capers),,,0.17194,0.82806
479,0022100152,2,46,59,SUB: Curry FOR Lee,,,0.17194,0.82806
480,0022100152,2,46,59,SUB: Curry FOR Lee,,,0.17194,0.82806
481,0022100152,2,46,59,SUB: Curry FOR Lee,,,0.17194,0.82806
482,0022100152,2,46,59,SUB: Curry FOR Lee,,,0.17194,0.82806
483,0022100152,2,46,59,SUB: Payton II FOR Poole,,,0.17194,0.82806
484,0022100152,2,46,59,SUB: Payton II FOR Poole,,,0.17194,0.82806
485,0022100152,2,46,59,SUB: Payton II FOR Poole,,,0.17194,0.82806
486,0022100152,2,46,59,SUB: Payton II FOR Poole,,,0.17194,0.82806
487,0022100152,2,46,59,,,SUB: Huerter FOR Hunter,0.17194,0.82806
488,0022100152,2,46,59,,,SUB: Huerter FOR Hunter,0.17194,0.82806
489,0022100152,2,46,59,,,SUB: Huerter FOR Hunter,0.17194,0.82806
490,0022100152,2,46,59,,,SUB: Huerter FOR Hunter,0.17194,0.82806
491,0022100152,2,46,59,,,MISS Bogdanovic 17' Step Back Jump Shot,0.17098,0.82902
492,0022100152,2,46,59,Curry REBOUND (Off:2 Def:2),,,0.18611,0.81389
493,0022100152,2,49,59,Curry 3PT Jump Shot (19 PTS) (Green 4 AST),,,0.23667,0.76333
494,0022100152,2,49,59,,,MISS Young 31' 3PT Pullup Jump Shot,0.23324,0.76676
495,0022100152,2,49,59,Green REBOUND (Off:3 Def:2),,,0.25232,0.74768
496,0022100152,2,49,59,Payton II OFF.Foul (P2) (J.Capers),,,0.23256,0.76744
497,0022100152,2,49,59,Payton II OFF.Foul (P2) (J.Capers),,,0.23256,0.76744
498,0022100152,2,49,59,Payton II Offensive Foul Turnover (P1.T6),,,0.23256,0.76744
499,0022100152,2,49,59,Payton II Offensive Foul Turnover (P1.T6),,,0.23256,0.76744
500,0022100152,2,49,59,Looney P.FOUL (P3.PN) (J.Capers),,,0.23107,0.76893
501,0022100152,2,49,60,Looney P.FOUL (P3.PN) (J.Capers),,,0.20646,0.79354
502,0022100152,2,49,60,Looney P.FOUL (P3.PN) (J.Capers),,,0.20646,0.79354
503,0022100152,2,49,60,Looney P.FOUL (P3.PN) (J.Capers),,,0.20646,0.79354
504,0022100152,2,49,61,Looney P.FOUL (P3.PN) (J.Capers),,,0.20031,0.79969
505,0022100152,2,49,59,,,Young Free Throw 1 of 2 (18 PTS),0.23107,0.76893
506,0022100152,2,49,60,,,Young Free Throw 1 of 2 (18 PTS),0.20646,0.79354
507,0022100152,2,49,60,,,Young Free Throw 1 of 2 (18 PTS),0.20646,0.79354
508,0022100152,2,49,60,,,Young Free Throw 1 of 2 (18 PTS),0.20646,0.79354
509,0022100152,2,49,61,,,Young Free Throw 1 of 2 (18 PTS),0.20031,0.79969
510,0022100152,2,49,59,SUB: Bjelica FOR Looney,,,0.23107,0.76893
511,0022100152,2,49,60,SUB: Bjelica FOR Looney,,,0.20646,0.79354
512,0022100152,2,49,60,SUB: Bjelica FOR Looney,,,0.20646,0.79354
513,0022100152,2,49,60,SUB: Bjelica FOR Looney,,,0.20646,0.79354
514,0022100152,2,49,61,SUB: Bjelica FOR Looney,,,0.20031,0.79969
515,0022100152,2,49,59,,,SUB: Collins FOR Capela,0.23107,0.76893
516,0022100152,2,49,60,,,SUB: Collins FOR Capela,0.20646,0.79354
517,0022100152,2,49,60,,,SUB: Collins FOR Capela,0.20646,0.79354
518,0022100152,2,49,60,,,SUB: Collins FOR Capela,0.20646,0.79354
519,0022100152,2,49,61,,,SUB: Collins FOR Capela,0.20031,0.79969
520,0022100152,2,49,59,,,Young Free Throw 2 of 2 (19 PTS),0.23107,0.76893
521,0022100152,2,49,60,,,Young Free Throw 2 of 2 (19 PTS),0.20646,0.79354
522,0022100152,2,49,60,,,Young Free Throw 2 of 2 (19 PTS),0.20646,0.79354
523,0022100152,2,49,60,,,Young Free Throw 2 of 2 (19 PTS),0.20646,0.79354
524,0022100152,2,49,61,,,Young Free Throw 2 of 2 (19 PTS),0.20031,0.79969
525,0022100152,2,51,61,Green 4' Cutting Layup Shot (2 PTS) (Curry 3 AST),,,0.22931,0.77069
526,0022100152,2,51,61,,,MISS Huerter 26' 3PT Jump Shot,0.2265,0.7735
527,0022100152,2,51,61,Payton II REBOUND (Off:0 Def:2),,,0.2452,0.7548
528,0022100152,2,54,61,Bjelica 29' 3PT Jump Shot (7 PTS) (Curry 4 AST),,,0.31069,0.68931
529,0022100152,2,54,61,Payton II STEAL (2 STL),,Gallinari Lost Ball Turnover (P2.T5),0.33087,0.66913
530,0022100152,2,54,61,MISS Wiggins 8' Turnaround Fadeaway Shot,,,0.32975,0.67025
531,0022100152,2,54,61,,,Gallinari REBOUND (Off:0 Def:1),0.3065,0.6935
532,0022100152,2,54,63,,,Young 6' Driving Finger Roll Layup (21 PTS),0.26607,0.73393
533,0022100152,2,56,63,Green 2' Cutting Dunk Shot (4 PTS) (Payton II 1 AST),,,0.30484,0.69516
534,0022100152,2,56,63,,,MISS Young 27' 3PT Pullup Jump Shot,0.30329,0.69671
535,0022100152,2,56,63,WARRIORS Rebound,,,0.32568,0.67432
536,0022100152,2,56,63,WARRIORS Rebound,,,0.32568,0.67432
537,0022100152,2,56,63,,,Huerter S.FOUL (P2.T3) (J.Capers),0.32531,0.67469
538,0022100152,2,57,63,,,Huerter S.FOUL (P2.T3) (J.Capers),0.3595,0.6405
539,0022100152,2,57,63,,,Huerter S.FOUL (P2.T3) (J.Capers),0.3595,0.6405
540,0022100152,2,58,63,,,Huerter S.FOUL (P2.T3) (J.Capers),0.37013,0.62987
541,0022100152,2,56,63,Curry Free Throw 1 of 2 (20 PTS),,,0.32531,0.67469
542,0022100152,2,57,63,Curry Free Throw 1 of 2 (20 PTS),,,0.3595,0.6405
543,0022100152,2,57,63,Curry Free Throw 1 of 2 (20 PTS),,,0.3595,0.6405
544,0022100152,2,58,63,Curry Free Throw 1 of 2 (20 PTS),,,0.37013,0.62987
545,0022100152,2,56,63,SUB: Toscano-Anderson FOR Bjelica,,,0.32531,0.67469
546,0022100152,2,57,63,SUB: Toscano-Anderson FOR Bjelica,,,0.3595,0.6405
547,0022100152,2,57,63,SUB: Toscano-Anderson FOR Bjelica,,,0.3595,0.6405
548,0022100152,2,58,63,SUB: Toscano-Anderson FOR Bjelica,,,0.37013,0.62987
549,0022100152,2,56,63,Curry Free Throw 2 of 2 (21 PTS),,,0.32531,0.67469
550,0022100152,2,57,63,Curry Free Throw 2 of 2 (21 PTS),,,0.3595,0.6405
551,0022100152,2,57,63,Curry Free Throw 2 of 2 (21 PTS),,,0.3595,0.6405
552,0022100152,2,58,63,Curry Free Throw 2 of 2 (21 PTS),,,0.37013,0.62987
553,0022100152,2,58,65,,,Collins 4' Cutting Dunk Shot (18 PTS) (Young 7 AST),0.3231,0.6769
554,0022100152,2,61,65,Curry 31' 3PT Step Back Jump Shot (24 PTS),,,0.40377,0.59623
555,0022100152,2,61,65,,,MISS Bogdanovic 49' 3PT Running Jump Shot,0.40351,0.59649
556,0022100152,2,61,65,,,MISS Bogdanovic 49' 3PT Running Jump Shot,0.40351,0.59649
557,0022100152,2,61,65,,,MISS Bogdanovic 49' 3PT Running Jump Shot,0.40351,0.59649
558,0022100152,2,61,65,,,Hawks Rebound,0.40351,0.59649
559,0022100152,2,61,65,,,Hawks Rebound,0.40351,0.59649
560,0022100152,2,61,65,,,Hawks Rebound,0.40351,0.59649
561,0022100152,2,61,65,,End of 2nd Period (11:10 PM EST),,0.40351,0.59649
562,0022100152,2,61,65,,End of 2nd Period (11:10 PM EST),,0.40351,0.59649
563,0022100152,2,61,65,,End of 2nd Period (11:10 PM EST),,0.40351,0.59649
564,0022100152,3,61,65,,Start of 3rd Period (11:25 PM EST),,0.40351,0.59649
565,0022100152,3,61,65,,,MISS Hunter 20' Jump Shot,0.4023,0.5977
566,0022100152,3,61,65,Poole REBOUND (Off:0 Def:1),,,0.42788,0.57212
567,0022100152,3,61,65,MISS Poole 24' 3PT Jump Shot,,,0.42656,0.57344
568,0022100152,3,61,65,,,Capela REBOUND (Off:1 Def:3),0.40057,0.59943
569,0022100152,3,61,67,,,Young 12' Driving Floating Jump Shot (23 PTS),0.35136,0.64864
570,0022100152,3,61,67,MISS Curry 31' 3PT Pullup Jump Shot,,,0.3499,0.6501
571,0022100152,3,61,67,,,Collins REBOUND (Off:0 Def:2),0.32595,0.67405
572,0022100152,3,61,67,Wiggins STEAL (1 STL),,Young Bad Pass Turnover (P2.T6),0.34799,0.65201
573,0022100152,3,64,67,Poole 27' 3PT Running Pull-Up Jump Shot (7 PTS) (Curry 5 AST),,,0.43553,0.56447
574,0022100152,3,64,67,,,MISS Capela 4' Layup,0.43409,0.56591
575,0022100152,3,64,67,Curry REBOUND (Off:2 Def:3),,,0.46017,0.53983
576,0022100152,3,64,67,Curry Out of Bounds Lost Ball Turnover (P1.T7),,,0.43366,0.56634
577,0022100152,3,64,69,,,Bogdanovic 3' Cutting Layup Shot (12 PTS) (Young 8 AST),0.38061,0.61939
578,0022100152,3,67,69,Wiggins 3PT Jump Shot (13 PTS) (Curry 6 AST),,,0.47196,0.52804
579,0022100152,3,67,69,,,MISS Bogdanovic 27' 3PT Running Jump Shot,0.47157,0.52843
580,0022100152,3,67,69,Looney REBOUND (Off:1 Def:3),,,0.49795,0.50205
581,0022100152,3,67,69,Wiggins Lost Ball Turnover (P1.T8),,Hunter STEAL (1 STL),0.47112,0.52888
582,0022100152,3,67,69,Curry BLOCK (1 BLK),,MISS Young 9' Running Layup,0.47101,0.52899
583,0022100152,3,67,69,,,Hawks Rebound,0.47095,0.52905
584,0022100152,3,67,69,,,Hawks Rebound,0.47095,0.52905
585,0022100152,3,67,71,,,Capela 8' Floating Jump Shot (2 PTS) (Bogdanovic 1 AST),0.4157,0.5843
586,0022100152,3,67,71,MISS Green 19' Jump Shot,,,0.41422,0.58578
587,0022100152,3,67,71,Green REBOUND (Off:4 Def:2),,,0.41396,0.58604
588,0022100152,3,67,71,Green REBOUND (Off:4 Def:2),,,0.41396,0.58604
589,0022100152,3,67,71,,,Bogdanovic P.FOUL (P1.T1) (J.Capers),0.41378,0.58622
590,0022100152,3,70,71,Curry 29' 3PT Jump Shot (27 PTS) (Green 5 AST),,,0.51059,0.48941
591,0022100152,3,70,73,,,Young 19' Pullup Jump Shot (25 PTS),0.45321,0.54679
592,0022100152,3,70,73,,,Young S.FOUL (P2.T2) (M.Kogut),0.45227,0.54773
593,0022100152,3,71,73,,,Young S.FOUL (P2.T2) (M.Kogut),0.49413,0.50587
594,0022100152,3,72,73,,,Young S.FOUL (P2.T2) (M.Kogut),0.53606,0.46394
595,0022100152,3,73,73,,,Young S.FOUL (P2.T2) (M.Kogut),0.55142,0.44858
596,0022100152,3,70,73,Curry Free Throw 1 of 3 (28 PTS),,,0.45227,0.54773
597,0022100152,3,71,73,Curry Free Throw 1 of 3 (28 PTS),,,0.49413,0.50587
598,0022100152,3,72,73,Curry Free Throw 1 of 3 (28 PTS),,,0.53606,0.46394
599,0022100152,3,73,73,Curry Free Throw 1 of 3 (28 PTS),,,0.55142,0.44858
600,0022100152,3,70,73,Curry Free Throw 2 of 3 (29 PTS),,,0.45227,0.54773
601,0022100152,3,71,73,Curry Free Throw 2 of 3 (29 PTS),,,0.49413,0.50587
602,0022100152,3,72,73,Curry Free Throw 2 of 3 (29 PTS),,,0.53606,0.46394
603,0022100152,3,73,73,Curry Free Throw 2 of 3 (29 PTS),,,0.55142,0.44858
604,0022100152,3,70,73,Curry Free Throw 3 of 3 (30 PTS),,,0.45227,0.54773
605,0022100152,3,71,73,Curry Free Throw 3 of 3 (30 PTS),,,0.49413,0.50587
606,0022100152,3,72,73,Curry Free Throw 3 of 3 (30 PTS),,,0.53606,0.46394
607,0022100152,3,73,73,Curry Free Throw 3 of 3 (30 PTS),,,0.55142,0.44858
608,0022100152,3,73,75,,,Hunter 18' Pullup Jump Shot (2 PTS) (Collins 1 AST),0.49334,0.50666
609,0022100152,3,73,75,Curry Out of Bounds - Bad Pass Turnover Turnover (P2.T9),,,0.46652,0.53348
610,0022100152,3,73,75,,,MISS Capela 7' Floating Jump Shot,0.46535,0.53465
611,0022100152,3,73,75,WARRIORS Rebound,,,0.49176,0.50824
612,0022100152,3,73,75,WARRIORS Rebound,,,0.49176,0.50824
613,0022100152,3,75,75,Poole 3' Running Finger Roll Layup (9 PTS) (Curry 7 AST),,,0.55038,0.44962
614,0022100152,3,75,75,Poole 3' Running Finger Roll Layup (9 PTS) (Curry 7 AST),,,0.55038,0.44962
615,0022100152,3,75,75,,,Hawks Timeout: Regular (Reg.3 Short 0),0.55038,0.44962
616,0022100152,3,75,75,,,Hawks Timeout: Regular (Reg.3 Short 0),0.55038,0.44962
617,0022100152,3,75,77,,,Hunter 17' Pullup Jump Shot (4 PTS),0.49064,0.50936
618,0022100152,3,75,77,MISS Curry 11' Driving Floating Jump Shot,,,0.48957,0.51043
619,0022100152,3,75,77,,,Capela REBOUND (Off:1 Def:4),0.463,0.537
620,0022100152,3,75,77,,,MISS Hunter 24' 3PT Jump Shot,0.46227,0.53773
621,0022100152,3,75,77,Poole REBOUND (Off:0 Def:2),,,0.48856,0.51144
622,0022100152,3,77,77,Poole 3' Driving Finger Roll Layup (11 PTS),,,0.54899,0.45101
623,0022100152,3,77,77,,,Capela Out of Bounds Lost Ball Turnover (P1.T7),0.57479,0.42521
624,0022100152,3,79,77,Looney 4' Turnaround Hook Shot (2 PTS) (Curry 8 AST),,,0.63371,0.36629
625,0022100152,3,79,79,,,Bogdanovic 4' Driving Reverse Layup (14 PTS),0.57408,0.42592
626,0022100152,3,81,79,Curry 4' Reverse Layup (32 PTS) (Green 6 AST),,,0.63403,0.36597
627,0022100152,3,81,79,,,MISS Collins 27' 3PT Jump Shot,0.63415,0.36585
628,0022100152,3,81,79,Poole REBOUND (Off:0 Def:3),,,0.65842,0.34158
629,0022100152,3,83,79,Poole 10' Driving Finger Roll Layup (13 PTS),,,0.7133,0.2867
630,0022100152,3,83,82,,,Young 28' 3PT Pullup Jump Shot (28 PTS),0.61676,0.38324
631,0022100152,3,83,82,,,Bogdanovic S.FOUL (P2.T3) (M.Kogut),0.61673,0.38327
632,0022100152,3,84,82,,,Bogdanovic S.FOUL (P2.T3) (M.Kogut),0.65867,0.34133
633,0022100152,3,84,82,,,Bogdanovic S.FOUL (P2.T3) (M.Kogut),0.65867,0.34133
634,0022100152,3,84,82,,,Bogdanovic S.FOUL (P2.T3) (M.Kogut),0.65867,0.34133
635,0022100152,3,84,82,,,Bogdanovic S.FOUL (P2.T3) (M.Kogut),0.65867,0.34133
636,0022100152,3,84,82,,,Bogdanovic S.FOUL (P2.T3) (M.Kogut),0.65867,0.34133
637,0022100152,3,85,82,,,Bogdanovic S.FOUL (P2.T3) (M.Kogut),0.67545,0.32455
638,0022100152,3,83,82,Looney Free Throw 1 of 2 (3 PTS),,,0.61673,0.38327
639,0022100152,3,84,82,Looney Free Throw 1 of 2 (3 PTS),,,0.65867,0.34133
640,0022100152,3,84,82,Looney Free Throw 1 of 2 (3 PTS),,,0.65867,0.34133
641,0022100152,3,84,82,Looney Free Throw 1 of 2 (3 PTS),,,0.65867,0.34133
642,0022100152,3,84,82,Looney Free Throw 1 of 2 (3 PTS),,,0.65867,0.34133
643,0022100152,3,84,82,Looney Free Throw 1 of 2 (3 PTS),,,0.65867,0.34133
644,0022100152,3,85,82,Looney Free Throw 1 of 2 (3 PTS),,,0.67545,0.32455
645,0022100152,3,83,82,SUB: Payton II FOR Green,,,0.61673,0.38327
646,0022100152,3,84,82,SUB: Payton II FOR Green,,,0.65867,0.34133
647,0022100152,3,84,82,SUB: Payton II FOR Green,,,0.65867,0.34133
648,0022100152,3,84,82,SUB: Payton II FOR Green,,,0.65867,0.34133
649,0022100152,3,84,82,SUB: Payton II FOR Green,,,0.65867,0.34133
650,0022100152,3,84,82,SUB: Payton II FOR Green,,,0.65867,0.34133
651,0022100152,3,85,82,SUB: Payton II FOR Green,,,0.67545,0.32455
652,0022100152,3,83,82,SUB: Bjelica FOR Curry,,,0.61673,0.38327
653,0022100152,3,84,82,SUB: Bjelica FOR Curry,,,0.65867,0.34133
654,0022100152,3,84,82,SUB: Bjelica FOR Curry,,,0.65867,0.34133
655,0022100152,3,84,82,SUB: Bjelica FOR Curry,,,0.65867,0.34133
656,0022100152,3,84,82,SUB: Bjelica FOR Curry,,,0.65867,0.34133
657,0022100152,3,84,82,SUB: Bjelica FOR Curry,,,0.65867,0.34133
658,0022100152,3,85,82,SUB: Bjelica FOR Curry,,,0.67545,0.32455
659,0022100152,3,83,82,,,SUB: Huerter FOR Hunter,0.61673,0.38327
660,0022100152,3,84,82,,,SUB: Huerter FOR Hunter,0.65867,0.34133
661,0022100152,3,84,82,,,SUB: Huerter FOR Hunter,0.65867,0.34133
662,0022100152,3,84,82,,,SUB: Huerter FOR Hunter,0.65867,0.34133
663,0022100152,3,84,82,,,SUB: Huerter FOR Hunter,0.65867,0.34133
664,0022100152,3,84,82,,,SUB: Huerter FOR Hunter,0.65867,0.34133
665,0022100152,3,85,82,,,SUB: Huerter FOR Hunter,0.67545,0.32455
666,0022100152,3,83,82,,,SUB: Gallinari FOR Capela,0.61673,0.38327
667,0022100152,3,84,82,,,SUB: Gallinari FOR Capela,0.65867,0.34133
668,0022100152,3,84,82,,,SUB: Gallinari FOR Capela,0.65867,0.34133
669,0022100152,3,84,82,,,SUB: Gallinari FOR Capela,0.65867,0.34133
670,0022100152,3,84,82,,,SUB: Gallinari FOR Capela,0.65867,0.34133
671,0022100152,3,84,82,,,SUB: Gallinari FOR Capela,0.65867,0.34133
672,0022100152,3,85,82,,,SUB: Gallinari FOR Capela,0.67545,0.32455
673,0022100152,3,83,82,Looney Free Throw 2 of 2 (4 PTS),,,0.61673,0.38327
674,0022100152,3,84,82,Looney Free Throw 2 of 2 (4 PTS),,,0.65867,0.34133
675,0022100152,3,84,82,Looney Free Throw 2 of 2 (4 PTS),,,0.65867,0.34133
676,0022100152,3,84,82,Looney Free Throw 2 of 2 (4 PTS),,,0.65867,0.34133
677,0022100152,3,84,82,Looney Free Throw 2 of 2 (4 PTS),,,0.65867,0.34133
678,0022100152,3,84,82,Looney Free Throw 2 of 2 (4 PTS),,,0.65867,0.34133
679,0022100152,3,85,82,Looney Free Throw 2 of 2 (4 PTS),,,0.67545,0.32455
680,0022100152,3,85,82,,,MISS Gallinari 3PT Jump Shot,0.67579,0.32421
681,0022100152,3,85,82,Looney REBOUND (Off:1 Def:4),,,0.69864,0.30136
682,0022100152,3,87,82,Looney 3' Driving Layup (6 PTS) (Poole 2 AST),,,0.75095,0.24905
683,0022100152,3,87,82,,,MISS Gallinari 9' Driving Floating Jump Shot,0.75191,0.24809
684,0022100152,3,87,82,Looney REBOUND (Off:1 Def:5),,,0.77126,0.22874
685,0022100152,3,87,82,MISS Poole 27' 3PT Jump Shot,,,0.77148,0.22852
686,0022100152,3,87,82,Payton II REBOUND (Off:1 Def:2),,,0.77156,0.22844
687,0022100152,3,87,82,MISS Poole 8' Driving Floating Bank Jump Shot,,,0.77208,0.22792
688,0022100152,3,87,82,,,Gallinari REBOUND (Off:0 Def:2),0.75296,0.24704
689,0022100152,3,87,82,,,MISS Young 10' Driving Floating Jump Shot,0.75337,0.24663
690,0022100152,3,87,82,Wiggins REBOUND (Off:1 Def:3),,,0.77264,0.22736
691,0022100152,3,87,82,WARRIORS Timeout: Regular (Full 3 Short 0),,,0.77285,0.22715
692,0022100152,3,87,82,WARRIORS Timeout: Regular (Full 3 Short 0),,,0.77285,0.22715
693,0022100152,3,87,82,WARRIORS Timeout: Regular (Full 3 Short 0),,,0.77285,0.22715
694,0022100152,3,87,82,WARRIORS Timeout: Regular (Full 3 Short 0),,,0.77285,0.22715
695,0022100152,3,87,82,WARRIORS Timeout: Regular (Full 3 Short 0),,,0.77285,0.22715
696,0022100152,3,87,82,WARRIORS Timeout: Regular (Full 3 Short 0),,,0.77285,0.22715
697,0022100152,3,87,82,WARRIORS Timeout: Regular (Full 3 Short 0),,,0.77285,0.22715
698,0022100152,3,87,82,SUB: Green FOR Poole,,,0.77285,0.22715
699,0022100152,3,87,82,SUB: Green FOR Poole,,,0.77285,0.22715
700,0022100152,3,87,82,SUB: Green FOR Poole,,,0.77285,0.22715
701,0022100152,3,87,82,SUB: Green FOR Poole,,,0.77285,0.22715
702,0022100152,3,87,82,SUB: Green FOR Poole,,,0.77285,0.22715
703,0022100152,3,87,82,SUB: Green FOR Poole,,,0.77285,0.22715
704,0022100152,3,87,82,SUB: Green FOR Poole,,,0.77285,0.22715
705,0022100152,3,87,82,SUB: Iguodala FOR Looney,,,0.77285,0.22715
706,0022100152,3,87,82,SUB: Iguodala FOR Looney,,,0.77285,0.22715
707,0022100152,3,87,82,SUB: Iguodala FOR Looney,,,0.77285,0.22715
708,0022100152,3,87,82,SUB: Iguodala FOR Looney,,,0.77285,0.22715
709,0022100152,3,87,82,SUB: Iguodala FOR Looney,,,0.77285,0.22715
710,0022100152,3,87,82,SUB: Iguodala FOR Looney,,,0.77285,0.22715
711,0022100152,3,87,82,SUB: Iguodala FOR Looney,,,0.77285,0.22715
712,0022100152,3,87,82,SUB: Curry FOR Wiggins,,,0.77285,0.22715
713,0022100152,3,87,82,SUB: Curry FOR Wiggins,,,0.77285,0.22715
714,0022100152,3,87,82,SUB: Curry FOR Wiggins,,,0.77285,0.22715
715,0022100152,3,87,82,SUB: Curry FOR Wiggins,,,0.77285,0.22715
716,0022100152,3,87,82,SUB: Curry FOR Wiggins,,,0.77285,0.22715
717,0022100152,3,87,82,SUB: Curry FOR Wiggins,,,0.77285,0.22715
718,0022100152,3,87,82,SUB: Curry FOR Wiggins,,,0.77285,0.22715
719,0022100152,3,87,82,,,SUB: Capela FOR Young,0.77285,0.22715
720,0022100152,3,87,82,,,SUB: Capela FOR Young,0.77285,0.22715
721,0022100152,3,87,82,,,SUB: Capela FOR Young,0.77285,0.22715
722,0022100152,3,87,82,,,SUB: Capela FOR Young,0.77285,0.22715
723,0022100152,3,87,82,,,SUB: Capela FOR Young,0.77285,0.22715
724,0022100152,3,87,82,,,SUB: Capela FOR Young,0.77285,0.22715
725,0022100152,3,87,82,,,SUB: Capela FOR Young,0.77285,0.22715
726,0022100152,3,87,82,,,SUB: Reddish FOR Bogdanovic,0.77285,0.22715
727,0022100152,3,87,82,,,SUB: Reddish FOR Bogdanovic,0.77285,0.22715
728,0022100152,3,87,82,,,SUB: Reddish FOR Bogdanovic,0.77285,0.22715
729,0022100152,3,87,82,,,SUB: Reddish FOR Bogdanovic,0.77285,0.22715
730,0022100152,3,87,82,,,SUB: Reddish FOR Bogdanovic,0.77285,0.22715
731,0022100152,3,87,82,,,SUB: Reddish FOR Bogdanovic,0.77285,0.22715
732,0022100152,3,87,82,,,SUB: Reddish FOR Bogdanovic,0.77285,0.22715
733,0022100152,3,87,82,,,SUB: Wright FOR Collins,0.77285,0.22715
734,0022100152,3,87,82,,,SUB: Wright FOR Collins,0.77285,0.22715
735,0022100152,3,87,82,,,SUB: Wright FOR Collins,0.77285,0.22715
736,0022100152,3,87,82,,,SUB: Wright FOR Collins,0.77285,0.22715
737,0022100152,3,87,82,,,SUB: Wright FOR Collins,0.77285,0.22715
738,0022100152,3,87,82,,,SUB: Wright FOR Collins,0.77285,0.22715
739,0022100152,3,87,82,,,SUB: Wright FOR Collins,0.77285,0.22715
740,0022100152,3,87,82,MISS Curry 26' 3PT Jump Shot,,,0.77307,0.22693
741,0022100152,3,87,82,,,Gallinari REBOUND (Off:0 Def:3),0.75401,0.24599
742,0022100152,3,87,82,,,Wright Out of Bounds - Bad Pass Turnover Turnover (P1.T8),0.7735,0.2265
743,0022100152,3,87,82,Green Out of Bounds - Bad Pass Turnover Turnover (P2.T10),,,0.75496,0.24504
744,0022100152,3,87,82,,,MISS Gallinari 17' Jump Shot,0.75582,0.24418
745,0022100152,3,87,82,Bjelica REBOUND (Off:0 Def:1),,,0.77495,0.22505
746,0022100152,3,87,82,Green Out of Bounds - Bad Pass Turnover Turnover (P3.T11),,,0.75636,0.24364
747,0022100152,3,87,82,Green STEAL (2 STL),,Reddish Lost Ball Turnover (P2.T9),0.7761,0.2239
748,0022100152,3,89,82,Iguodala 1' Running Alley Oop Dunk Shot (4 PTS) (Green 7 AST),,,0.82121,0.17879
749,0022100152,3,89,85,,,Reddish 27' 3PT Step Back Jump Shot (3 PTS),0.74164,0.25836
750,0022100152,3,91,85,Curry 17' Pullup Jump Shot (34 PTS),,,0.79261,0.20739
751,0022100152,3,91,85,Curry 17' Pullup Jump Shot (34 PTS),,,0.80952,0.19048
752,0022100152,3,91,85,Curry 17' Pullup Jump Shot (34 PTS),,,0.80952,0.19048
753,0022100152,3,92,85,Curry 17' Pullup Jump Shot (34 PTS),,,0.82287,0.17713
754,0022100152,3,91,85,,,Huerter S.FOUL (P3.T4) (M.Kogut),0.79261,0.20739
755,0022100152,3,91,85,,,Huerter S.FOUL (P3.T4) (M.Kogut),0.80952,0.19048
756,0022100152,3,91,85,,,Huerter S.FOUL (P3.T4) (M.Kogut),0.80952,0.19048
757,0022100152,3,92,85,,,Huerter S.FOUL (P3.T4) (M.Kogut),0.82287,0.17713
758,0022100152,3,91,85,SUB: Toscano-Anderson FOR Green,,,0.79261,0.20739
759,0022100152,3,91,85,SUB: Toscano-Anderson FOR Green,,,0.80952,0.19048
760,0022100152,3,91,85,SUB: Toscano-Anderson FOR Green,,,0.80952,0.19048
761,0022100152,3,92,85,SUB: Toscano-Anderson FOR Green,,,0.82287,0.17713
762,0022100152,3,91,85,Curry Free Throw 1 of 1 (35 PTS),,,0.79261,0.20739
763,0022100152,3,91,85,Curry Free Throw 1 of 1 (35 PTS),,,0.80952,0.19048
764,0022100152,3,91,85,Curry Free Throw 1 of 1 (35 PTS),,,0.80952,0.19048
765,0022100152,3,92,85,Curry Free Throw 1 of 1 (35 PTS),,,0.82287,0.17713
766,0022100152,3,92,85,Toscano-Anderson P.FOUL (P2.T1) (M.Myers),,,0.82359,0.17641
767,0022100152,3,92,85,Toscano-Anderson P.FOUL (P2.T1) (M.Myers),,,0.82359,0.17641
768,0022100152,3,92,85,,,SUB: S. Hill FOR Capela,0.82359,0.17641
769,0022100152,3,92,85,,,SUB: S. Hill FOR Capela,0.82359,0.17641
770,0022100152,3,92,85,,,MISS Wright 26' 3PT Step Back Jump Shot,0.82431,0.17569
771,0022100152,3,92,85,Payton II REBOUND (Off:1 Def:3),,,0.83925,0.16075
772,0022100152,3,95,85,Curry 29' 3PT Jump Shot (38 PTS),,,0.89485,0.10515
773,0022100152,3,95,85,Curry STEAL (1 STL),,Huerter Lost Ball Turnover (P2.T10),0.90512,0.09488
774,0022100152,3,95,85,,,Huerter Personal Take Foul (P4.PN) (M.Kogut),0.90517,0.09483
775,0022100152,3,96,85,,,Huerter Personal Take Foul (P4.PN) (M.Kogut),0.92089,0.07911
776,0022100152,3,97,85,,,Huerter Personal Take Foul (P4.PN) (M.Kogut),0.92737,0.07263
777,0022100152,3,95,85,Curry Free Throw 1 of 2 (39 PTS),,,0.90517,0.09483
778,0022100152,3,96,85,Curry Free Throw 1 of 2 (39 PTS),,,0.92089,0.07911
779,0022100152,3,97,85,Curry Free Throw 1 of 2 (39 PTS),,,0.92737,0.07263
780,0022100152,3,95,85,Curry Free Throw 2 of 2 (40 PTS),,,0.90517,0.09483
781,0022100152,3,96,85,Curry Free Throw 2 of 2 (40 PTS),,,0.92089,0.07911
782,0022100152,3,97,85,Curry Free Throw 2 of 2 (40 PTS),,,0.92737,0.07263
783,0022100152,3,97,85,,,MISS Huerter 11' Pullup Jump Shot,0.92799,0.07201
784,0022100152,3,97,85,Bjelica REBOUND (Off:0 Def:2),,,0.93485,0.06515
785,0022100152,3,97,85,,,Huerter P.FOUL (P5.PN) (M.Myers),0.93511,0.06489
786,0022100152,3,98,85,,,Huerter P.FOUL (P5.PN) (M.Myers),0.94624,0.05376
787,0022100152,3,98,85,,,Huerter P.FOUL (P5.PN) (M.Myers),0.94624,0.05376
788,0022100152,3,98,85,,,Huerter P.FOUL (P5.PN) (M.Myers),0.94624,0.05376
789,0022100152,3,99,85,,,Huerter P.FOUL (P5.PN) (M.Myers),0.95081,0.04919
790,0022100152,3,97,85,Curry Free Throw 1 of 2 (41 PTS),,,0.93511,0.06489
791,0022100152,3,98,85,Curry Free Throw 1 of 2 (41 PTS),,,0.94624,0.05376
792,0022100152,3,98,85,Curry Free Throw 1 of 2 (41 PTS),,,0.94624,0.05376
793,0022100152,3,98,85,Curry Free Throw 1 of 2 (41 PTS),,,0.94624,0.05376
794,0022100152,3,99,85,Curry Free Throw 1 of 2 (41 PTS),,,0.95081,0.04919
795,0022100152,3,97,85,SUB: Green FOR Bjelica,,,0.93511,0.06489
796,0022100152,3,98,85,SUB: Green FOR Bjelica,,,0.94624,0.05376
797,0022100152,3,98,85,SUB: Green FOR Bjelica,,,0.94624,0.05376
798,0022100152,3,98,85,SUB: Green FOR Bjelica,,,0.94624,0.05376
799,0022100152,3,99,85,SUB: Green FOR Bjelica,,,0.95081,0.04919
800,0022100152,3,97,85,,,SUB: Bogdanovic FOR Huerter,0.93511,0.06489
801,0022100152,3,98,85,,,SUB: Bogdanovic FOR Huerter,0.94624,0.05376
802,0022100152,3,98,85,,,SUB: Bogdanovic FOR Huerter,0.94624,0.05376
803,0022100152,3,98,85,,,SUB: Bogdanovic FOR Huerter,0.94624,0.05376
804,0022100152,3,99,85,,,SUB: Bogdanovic FOR Huerter,0.95081,0.04919
805,0022100152,3,97,85,Curry Free Throw 2 of 2 (42 PTS),,,0.93511,0.06489
806,0022100152,3,98,85,Curry Free Throw 2 of 2 (42 PTS),,,0.94624,0.05376
807,0022100152,3,98,85,Curry Free Throw 2 of 2 (42 PTS),,,0.94624,0.05376
808,0022100152,3,98,85,Curry Free Throw 2 of 2 (42 PTS),,,0.94624,0.05376
809,0022100152,3,99,85,Curry Free Throw 2 of 2 (42 PTS),,,0.95081,0.04919
810,0022100152,3,99,85,Toscano-Anderson BLOCK (1 BLK),,MISS Reddish 5' Cutting Layup Shot,0.95133,0.04867
811,0022100152,3,99,85,Curry REBOUND (Off:2 Def:4),,,0.95608,0.04392
812,0022100152,3,102,85,Toscano-Anderson 27' 3PT Jump Shot (6 PTS) (Curry 9 AST),,,0.97333,0.02667
813,0022100152,3,102,85,,,MISS Wright 52' 3PT Running Jump Shot,0.97338,0.02662
814,0022100152,3,102,85,,,Hawks Rebound,0.97341,0.02659
815,0022100152,3,102,85,,,Hawks Rebound,0.97341,0.02659
816,0022100152,3,102,85,,End of 3rd Period (11:50 PM EST),,0.97341,0.02659
817,0022100152,3,102,85,,End of 3rd Period (11:50 PM EST),,0.97341,0.02659
818,0022100152,4,102,85,,Start of 4th Period (11:52 PM EST),,0.97602,0.02398
819,0022100152,4,104,85,Toscano-Anderson 5' Alley Oop Dunk (8 PTS) (Iguodala 2 AST),,,0.98235,0.01765
820,0022100152,4,104,88,,,Bogdanovic 26' 3PT Jump Shot (17 PTS) (Gallinari 1 AST),0.97152,0.02848
821,0022100152,4,104,88,MISS Lee 27' 3PT Jump Shot,,,0.97195,0.02805
822,0022100152,4,104,88,,,Reddish REBOUND (Off:0 Def:2),0.96897,0.03103
823,0022100152,4,104,88,,,Bogdanovic Traveling Turnover (P1.T11),0.97224,0.02776
824,0022100152,4,104,88,,,Bogdanovic Traveling Turnover (P1.T11),0.97224,0.02776
825,0022100152,4,104,88,,,SUB: Collins FOR S. Hill,0.97224,0.02776
826,0022100152,4,104,88,,,SUB: Collins FOR S. Hill,0.97224,0.02776
827,0022100152,4,107,88,Curry 26' 3PT Step Back Jump Shot (45 PTS),,,0.98348,0.01652
828,0022100152,4,107,88,,,Gallinari OFF.Foul (P1) (J.Capers),0.98545,0.01455
829,0022100152,4,107,88,,,Gallinari OFF.Foul (P1) (J.Capers),0.98545,0.01455
830,0022100152,4,107,88,,,Gallinari OFF.Foul (P1) (J.Capers),0.98545,0.01455
831,0022100152,4,107,88,,,Gallinari OFF.Foul (P1) (J.Capers),0.98545,0.01455
832,0022100152,4,107,88,,,Gallinari OFF.Foul (P1) (J.Capers),0.98545,0.01455
833,0022100152,4,107,88,,,Gallinari Offensive Foul Turnover (P3.T12),0.98545,0.01455
834,0022100152,4,107,88,,,Gallinari Offensive Foul Turnover (P3.T12),0.98545,0.01455
835,0022100152,4,107,88,,,Gallinari Offensive Foul Turnover (P3.T12),0.98545,0.01455
836,0022100152,4,107,88,,,Gallinari Offensive Foul Turnover (P3.T12),0.98545,0.01455
837,0022100152,4,107,88,,,Gallinari Offensive Foul Turnover (P3.T12),0.98545,0.01455
838,0022100152,4,107,88,,,SUB: Hunter FOR Wright,0.98545,0.01455
839,0022100152,4,107,88,,,SUB: Hunter FOR Wright,0.98545,0.01455
840,0022100152,4,107,88,,,SUB: Hunter FOR Wright,0.98545,0.01455
841,0022100152,4,107,88,,,SUB: Hunter FOR Wright,0.98545,0.01455
842,0022100152,4,107,88,,,SUB: Hunter FOR Wright,0.98545,0.01455
843,0022100152,4,107,88,,,SUB: Capela FOR Gallinari,0.98545,0.01455
844,0022100152,4,107,88,,,SUB: Capela FOR Gallinari,0.98545,0.01455
845,0022100152,4,107,88,,,SUB: Capela FOR Gallinari,0.98545,0.01455
846,0022100152,4,107,88,,,SUB: Capela FOR Gallinari,0.98545,0.01455
847,0022100152,4,107,88,,,SUB: Capela FOR Gallinari,0.98545,0.01455
848,0022100152,4,107,88,,,SUB: Young FOR Reddish,0.98545,0.01455
849,0022100152,4,107,88,,,SUB: Young FOR Reddish,0.98545,0.01455
850,0022100152,4,107,88,,,SUB: Young FOR Reddish,0.98545,0.01455
851,0022100152,4,107,88,,,SUB: Young FOR Reddish,0.98545,0.01455
852,0022100152,4,107,88,,,SUB: Young FOR Reddish,0.98545,0.01455
853,0022100152,4,107,88,MISS Curry 31' 3PT Jump Shot,,,0.98572,0.01428
854,0022100152,4,107,88,,,Collins REBOUND (Off:0 Def:3),0.98418,0.01582
855,0022100152,4,107,88,Payton II P.FOUL (P3.T1) (M.Kogut),,,0.98431,0.01569
856,0022100152,4,107,88,Curry STEAL (2 STL),,Young Bad Pass Turnover (P3.T13),0.986,0.014
857,0022100152,4,109,88,Lee 3' Running Alley Oop Layup Shot (6 PTS) (Curry 10 AST),,,0.98979,0.01021
858,0022100152,4,109,88,Lee 3' Running Alley Oop Layup Shot (6 PTS) (Curry 10 AST),,,0.98979,0.01021
859,0022100152,4,109,88,,,Hawks Timeout: Regular (Reg.4 Short 0),0.98979,0.01021
860,0022100152,4,109,88,,,Hawks Timeout: Regular (Reg.4 Short 0),0.98979,0.01021
861,0022100152,4,109,88,Payton II STEAL (3 STL),,Hunter Bad Pass Turnover (P1.T14),0.99086,0.00914
862,0022100152,4,109,88,MISS Curry 27' 3PT Pullup Jump Shot,,,0.99091,0.00909
863,0022100152,4,109,88,,,Young REBOUND (Off:0 Def:2),0.98991,0.01009
864,0022100152,4,109,91,,,Hunter 24' 3PT Jump Shot (7 PTS) (Bogdanovic 2 AST),0.98322,0.01678
865,0022100152,4,109,91,MISS Curry 26' 3PT Jump Shot,,,0.98373,0.01627
866,0022100152,4,109,91,,,Young REBOUND (Off:0 Def:3),0.98198,0.01802
867,0022100152,4,109,91,Payton II S.FOUL (P4.T2) (M.Myers),,,0.98216,0.01784
868,0022100152,4,109,91,Payton II S.FOUL (P4.T2) (M.Myers),,,0.98216,0.01784
869,0022100152,4,109,91,Payton II S.FOUL (P4.T2) (M.Myers),,,0.98216,0.01784
870,0022100152,4,109,92,Payton II S.FOUL (P4.T2) (M.Myers),,,0.98015,0.01985
871,0022100152,4,109,91,,,MISS Hunter Free Throw 1 of 2,0.98216,0.01784
872,0022100152,4,109,91,,,MISS Hunter Free Throw 1 of 2,0.98216,0.01784
873,0022100152,4,109,91,,,MISS Hunter Free Throw 1 of 2,0.98216,0.01784
874,0022100152,4,109,92,,,MISS Hunter Free Throw 1 of 2,0.98015,0.01985
875,0022100152,4,109,91,,,Hawks Rebound,0.98216,0.01784
876,0022100152,4,109,91,,,Hawks Rebound,0.98216,0.01784
877,0022100152,4,109,91,,,Hawks Rebound,0.98216,0.01784
878,0022100152,4,109,92,,,Hawks Rebound,0.98015,0.01985
879,0022100152,4,109,91,,,Hunter Free Throw 2 of 2 (8 PTS),0.98216,0.01784
880,0022100152,4,109,91,,,Hunter Free Throw 2 of 2 (8 PTS),0.98216,0.01784
881,0022100152,4,109,91,,,Hunter Free Throw 2 of 2 (8 PTS),0.98216,0.01784
882,0022100152,4,109,92,,,Hunter Free Throw 2 of 2 (8 PTS),0.98015,0.01985
883,0022100152,4,109,92,MISS Toscano-Anderson 3PT Jump Shot,,,0.98056,0.01944
884,0022100152,4,109,92,,,Bogdanovic REBOUND (Off:0 Def:1),0.97849,0.02151
885,0022100152,4,109,92,,Instant Replay4th Period (12:02 AM EST),,0.9788,0.0212
886,0022100152,4,109,92,,Instant Replay4th Period (12:02 AM EST),,0.9788,0.0212
887,0022100152,4,109,92,,Instant Replay4th Period (12:02 AM EST),,0.9788,0.0212
888,0022100152,4,109,92,,Instant Replay4th Period (12:02 AM EST),,0.9788,0.0212
889,0022100152,4,109,92,Toscano-Anderson T.FOUL (P2.T2) (M.Kogut),,,0.9788,0.0212
890,0022100152,4,109,92,Toscano-Anderson T.FOUL (P2.T2) (M.Kogut),,,0.9788,0.0212
891,0022100152,4,109,92,Toscano-Anderson T.FOUL (P2.T2) (M.Kogut),,,0.9788,0.0212
892,0022100152,4,109,92,Toscano-Anderson T.FOUL (P2.T2) (M.Kogut),,,0.9788,0.0212
893,0022100152,4,109,92,,,MISS Young Free Throw Technical,0.9788,0.0212
894,0022100152,4,109,92,,,MISS Young Free Throw Technical,0.9788,0.0212
895,0022100152,4,109,92,,,MISS Young Free Throw Technical,0.9788,0.0212
896,0022100152,4,109,92,,,MISS Young Free Throw Technical,0.9788,0.0212
897,0022100152,4,109,92,,,Hawks Rebound,0.9788,0.0212
898,0022100152,4,109,92,,,Hawks Rebound,0.9788,0.0212
899,0022100152,4,109,92,,,Hawks Rebound,0.9788,0.0212
900,0022100152,4,109,92,,,Hawks Rebound,0.9788,0.0212
901,0022100152,4,109,92,Jump Ball Toscano-Anderson vs. Bogdanovic: Tip to Iguodala,,,0.98093,0.01907
902,0022100152,4,109,92,Jump Ball Toscano-Anderson vs. Bogdanovic: Tip to Iguodala,,,0.98093,0.01907
903,0022100152,4,109,92,Toscano-Anderson STEAL (1 STL),,Bogdanovic Lost Ball Turnover (P2.T15),0.98093,0.01907
904,0022100152,4,109,92,Toscano-Anderson STEAL (1 STL),,Bogdanovic Lost Ball Turnover (P2.T15),0.98093,0.01907
905,0022100152,4,109,92,MISS Payton II 10' Driving Floating Jump Shot,,,0.98103,0.01897
906,0022100152,4,109,92,,,Capela REBOUND (Off:1 Def:5),0.979,0.021
907,0022100152,4,109,95,,,Hunter 24' 3PT Jump Shot (11 PTS) (Young 9 AST),0.96444,0.03556
908,0022100152,4,109,95,WARRIORS Timeout: Regular (Full 4 Short 0),,,0.96476,0.03524
909,0022100152,4,109,95,WARRIORS Timeout: Regular (Full 4 Short 0),,,0.96476,0.03524
910,0022100152,4,109,95,SUB: Green FOR Toscano-Anderson,,,0.96476,0.03524
911,0022100152,4,109,95,SUB: Green FOR Toscano-Anderson,,,0.96476,0.03524
912,0022100152,4,112,95,Lee 26' 3PT Jump Shot (9 PTS) (Green 8 AST),,,0.97953,0.02047
913,0022100152,4,112,95,,,MISS Hunter 28' 3PT Jump Shot,0.97988,0.02012
914,0022100152,4,112,95,,,MISS Hunter 28' 3PT Jump Shot,0.97988,0.02012
915,0022100152,4,112,95,,,MISS Hunter 28' 3PT Jump Shot,0.97988,0.02012
916,0022100152,4,112,95,,,MISS Hunter 28' 3PT Jump Shot,0.97988,0.02012
917,0022100152,4,112,95,,,Hawks Rebound,0.97988,0.02012
918,0022100152,4,112,95,,,Hawks Rebound,0.97988,0.02012
919,0022100152,4,112,95,,,Hawks Rebound,0.97988,0.02012
920,0022100152,4,112,95,,,Hawks Rebound,0.97988,0.02012
921,0022100152,4,112,95,WARRIORS Timeout: Coach Challenge (Full 4 Short 0),,,0.97988,0.02012
922,0022100152,4,112,95,WARRIORS Timeout: Coach Challenge (Full 4 Short 0),,,0.97988,0.02012
923,0022100152,4,112,95,WARRIORS Timeout: Coach Challenge (Full 4 Short 0),,,0.97988,0.02012
924,0022100152,4,112,95,WARRIORS Timeout: Coach Challenge (Full 4 Short 0),,,0.97988,0.02012
925,0022100152,4,112,95,,Instant Replay4th Period (12:08 AM EST),,0.97988,0.02012
926,0022100152,4,112,95,,Instant Replay4th Period (12:08 AM EST),,0.97988,0.02012
927,0022100152,4,112,95,,Instant Replay4th Period (12:08 AM EST),,0.97988,0.02012
928,0022100152,4,112,95,,Instant Replay4th Period (12:08 AM EST),,0.97988,0.02012
929,0022100152,4,112,95,Jump Ball (CC) Green vs. Capela: Tip to Young,,,0.97993,0.02007
930,0022100152,4,112,95,,,Young Traveling Turnover (P4.T16),0.98208,0.01792
931,0022100152,4,112,95,Payton II OFF.Foul (P5) (M.Kogut),,,0.98019,0.01981
932,0022100152,4,112,95,Payton II OFF.Foul (P5) (M.Kogut),,,0.98019,0.01981
933,0022100152,4,112,95,Payton II Offensive Foul Turnover (P2.T12),,,0.98019,0.01981
934,0022100152,4,112,95,Payton II Offensive Foul Turnover (P2.T12),,,0.98019,0.01981
935,0022100152,4,112,95,Green S.FOUL (P2.T3) (M.Kogut),,,0.98038,0.01962
936,0022100152,4,112,95,Green S.FOUL (P2.T3) (M.Kogut),,,0.98038,0.01962
937,0022100152,4,112,95,Green S.FOUL (P2.T3) (M.Kogut),,,0.98038,0.01962
938,0022100152,4,112,96,Green S.FOUL (P2.T3) (M.Kogut),,,0.97801,0.02199
939,0022100152,4,112,95,,,MISS Collins Free Throw 1 of 2,0.98038,0.01962
940,0022100152,4,112,95,,,MISS Collins Free Throw 1 of 2,0.98038,0.01962
941,0022100152,4,112,95,,,MISS Collins Free Throw 1 of 2,0.98038,0.01962
942,0022100152,4,112,96,,,MISS Collins Free Throw 1 of 2,0.97801,0.02199
943,0022100152,4,112,95,,,Hawks Rebound,0.98038,0.01962
944,0022100152,4,112,95,,,Hawks Rebound,0.98038,0.01962
945,0022100152,4,112,95,,,Hawks Rebound,0.98038,0.01962
946,0022100152,4,112,96,,,Hawks Rebound,0.97801,0.02199
947,0022100152,4,112,95,,,Collins Free Throw 2 of 2 (19 PTS),0.98038,0.01962
948,0022100152,4,112,95,,,Collins Free Throw 2 of 2 (19 PTS),0.98038,0.01962
949,0022100152,4,112,95,,,Collins Free Throw 2 of 2 (19 PTS),0.98038,0.01962
950,0022100152,4,112,96,,,Collins Free Throw 2 of 2 (19 PTS),0.97801,0.02199
951,0022100152,4,115,96,Curry 25' 3PT Step Back Jump Shot (48 PTS) (Green 9 AST),,,0.98752,0.01248
952,0022100152,4,115,96,,,MISS Bogdanovic 29' 3PT Running Pull-Up Jump Shot,0.98769,0.01231
953,0022100152,4,115,96,,,Hawks Rebound,0.98772,0.01228
954,0022100152,4,115,96,,,Hawks Rebound,0.98772,0.01228
955,0022100152,4,115,96,,,Hawks Rebound,0.98772,0.01228
956,0022100152,4,115,96,,,SUB: Huerter FOR Capela,0.98772,0.01228
957,0022100152,4,115,96,,,SUB: Huerter FOR Capela,0.98772,0.01228
958,0022100152,4,115,96,,,SUB: Huerter FOR Capela,0.98772,0.01228
959,0022100152,4,115,96,,,MISS Bogdanovic 3PT Jump Shot,0.98775,0.01225
960,0022100152,4,115,96,Curry REBOUND (Off:2 Def:5),,,0.98901,0.01099
961,0022100152,4,115,96,MISS Curry 30' 3PT Step Back Jump Shot,,,0.98904,0.01096
962,0022100152,4,115,96,,,Collins REBOUND (Off:0 Def:4),0.98787,0.01213
963,0022100152,4,115,96,Iguodala BLOCK (1 BLK),,MISS Bogdanovic 7' Driving Layup,0.98803,0.01197
964,0022100152,4,115,96,Green REBOUND (Off:4 Def:3),,,0.98925,0.01075
965,0022100152,4,115,96,MISS Curry 27' 3PT Pullup Jump Shot,,,0.98948,0.01052
966,0022100152,4,115,96,Lee REBOUND (Off:1 Def:0),,,0.9895,0.0105
967,0022100152,4,115,96,MISS Lee 24' 3PT Jump Shot,,,0.98956,0.01044
968,0022100152,4,115,96,MISS Lee 24' 3PT Jump Shot,,,0.98841,0.01159
969,0022100152,4,115,96,MISS Lee 24' 3PT Jump Shot,,,0.98841,0.01159
970,0022100152,4,115,96,MISS Lee 24' 3PT Jump Shot,,,0.98841,0.01159
971,0022100152,4,115,96,,,Collins REBOUND (Off:0 Def:5),0.98956,0.01044
972,0022100152,4,115,96,,,Collins REBOUND (Off:0 Def:5),0.98841,0.01159
973,0022100152,4,115,96,,,Collins REBOUND (Off:0 Def:5),0.98841,0.01159
974,0022100152,4,115,96,,,Collins REBOUND (Off:0 Def:5),0.98841,0.01159
975,0022100152,4,115,96,Payton II P.FOUL (P6.T4) (J.Capers),,,0.98956,0.01044
976,0022100152,4,115,96,Payton II P.FOUL (P6.T4) (J.Capers),,,0.98841,0.01159
977,0022100152,4,115,96,Payton II P.FOUL (P6.T4) (J.Capers),,,0.98841,0.01159
978,0022100152,4,115,96,Payton II P.FOUL (P6.T4) (J.Capers),,,0.98841,0.01159
979,0022100152,4,115,96,SUB: Poole FOR Payton II,,,0.98956,0.01044
980,0022100152,4,115,96,SUB: Poole FOR Payton II,,,0.98841,0.01159
981,0022100152,4,115,96,SUB: Poole FOR Payton II,,,0.98841,0.01159
982,0022100152,4,115,96,SUB: Poole FOR Payton II,,,0.98841,0.01159
983,0022100152,4,115,96,Poole STEAL (2 STL),,Huerter Bad Pass Turnover (P3.T17),0.98968,0.01032
984,0022100152,4,115,96,,,Hunter P.FOUL (P3.T1) (M.Myers),0.98988,0.01012
985,0022100152,4,115,96,MISS Curry 10' Driving Floating Bank Jump Shot,,,0.98993,0.01007
986,0022100152,4,115,96,,,Collins REBOUND (Off:0 Def:6),0.98885,0.01115
987,0022100152,4,115,96,,,MISS Young 8' Driving Floating Jump Shot,0.98891,0.01109
988,0022100152,4,115,96,Lee REBOUND (Off:1 Def:1),,,0.99004,0.00996
989,0022100152,4,117,96,Iguodala 4' Running Alley Oop Dunk Shot (6 PTS) (Lee 2 AST),,,,
990,0022100152,4,117,96,Iguodala 4' Running Alley Oop Dunk Shot (6 PTS) (Lee 2 AST),,,,
991,0022100152,4,117,96,Iguodala 4' Running Alley Oop Dunk Shot (6 PTS) (Lee 2 AST),,,,
992,0022100152,4,117,96,Iguodala 4' Running Alley Oop Dunk Shot (6 PTS) (Lee 2 AST),,,,
993,0022100152,4,117,96,Iguodala 4' Running Alley Oop Dunk Shot (6 PTS) (Lee 2 AST),,,,
994,0022100152,4,117,96,Iguodala 4' Running Alley Oop Dunk Shot (6 PTS) (Lee 2 AST),,,,
995,0022100152,4,117,96,Iguodala 4' Running Alley Oop Dunk Shot (6 PTS) (Lee 2 AST),,,,
996,0022100152,4,117,96,,,Hawks Timeout: Regular (Reg.5 Short 0),,
997,0022100152,4,117,96,,,Hawks Timeout: Regular (Reg.5 Short 0),,
998,0022100152,4,117,96,,,Hawks Timeout: Regular (Reg.5 Short 0),,
999,0022100152,4,117,96,,,Hawks Timeout: Regular (Reg.5 Short 0),,
1000,0022100152,4,117,96,,,Hawks Timeout: Regular (Reg.5 Short 0),,
1001,0022100152,4,117,96,,,Hawks Timeout: Regular (Reg.5 Short 0),,
1002,0022100152,4,117,96,,,Hawks Timeout: Regular (Reg.5 Short 0),,
1003,0022100152,4,117,96,SUB: Wiggins FOR Iguodala,,,,
1004,0022100152,4,117,96,SUB: Wiggins FOR Iguodala,,,,
1005,0022100152,4,117,96,SUB: Wiggins FOR Iguodala,,,,
1006,0022100152,4,117,96,SUB: Wiggins FOR Iguodala,,,,
1007,0022100152,4,117,96,SUB: Wiggins FOR Iguodala,,,,
1008,0022100152,4,117,96,SUB: Wiggins FOR Iguodala,,,,
1009,0022100152,4,117,96,SUB: Wiggins FOR Iguodala,,,,
1010,0022100152,4,117,96,,,SUB: Dieng FOR Young,,
1011,0022100152,4,117,96,,,SUB: Dieng FOR Young,,
1012,0022100152,4,117,96,,,SUB: Dieng FOR Young,,
1013,0022100152,4,117,96,,,SUB: Dieng FOR Young,,
1014,0022100152,4,117,96,,,SUB: Dieng FOR Young,,
1015,0022100152,4,117,96,,,SUB: Dieng FOR Young,,
1016,0022100152,4,117,96,,,SUB: Dieng FOR Young,,
1017,0022100152,4,117,96,,,SUB: Luwawu-Cabarrot FOR Hunter,,
1018,0022100152,4,117,96,,,SUB: Luwawu-Cabarrot FOR Hunter,,
1019,0022100152,4,117,96,,,SUB: Luwawu-Cabarrot FOR Hunter,,
1020,0022100152,4,117,96,,,SUB: Luwawu-Cabarrot FOR Hunter,,
1021,0022100152,4,117,96,,,SUB: Luwawu-Cabarrot FOR Hunter,,
1022,0022100152,4,117,96,,,SUB: Luwawu-Cabarrot FOR Hunter,,
1023,0022100152,4,117,96,,,SUB: Luwawu-Cabarrot FOR Hunter,,
1024,0022100152,4,117,96,,,SUB: S. Hill FOR Bogdanovic,,
1025,0022100152,4,117,96,,,SUB: S. Hill FOR Bogdanovic,,
1026,0022100152,4,117,96,,,SUB: S. Hill FOR Bogdanovic,,
1027,0022100152,4,117,96,,,SUB: S. Hill FOR Bogdanovic,,
1028,0022100152,4,117,96,,,SUB: S. Hill FOR Bogdanovic,,
1029,0022100152,4,117,96,,,SUB: S. Hill FOR Bogdanovic,,
1030,0022100152,4,117,96,,,SUB: S. Hill FOR Bogdanovic,,
1031,0022100152,4,117,96,,,SUB: Wright FOR Collins,,
1032,0022100152,4,117,96,,,SUB: Wright FOR Collins,,
1033,0022100152,4,117,96,,,SUB: Wright FOR Collins,,
1034,0022100152,4,117,96,,,SUB: Wright FOR Collins,,
1035,0022100152,4,117,96,,,SUB: Wright FOR Collins,,
1036,0022100152,4,117,96,,,SUB: Wright FOR Collins,,
1037,0022100152,4,117,96,,,SUB: Wright FOR Collins,,
1038,0022100152,4,117,96,Curry STEAL (3 STL),,Huerter Bad Pass Turnover (P4.T18),,
1039,0022100152,4,119,96,Lee 3' Cutting Layup Shot (11 PTS) (Poole 3 AST),,,,
1040,0022100152,4,119,99,,,Luwawu-Cabarrot 3PT Jump Shot (3 PTS) (Dieng 1 AST),,
1041,0022100152,4,121,99,Curry 16' Driving Floating Jump Shot (50 PTS),,,,
1042,0022100152,4,121,99,Green Personal Take Foul (P3.PN) (J.Capers),,,,
1043,0022100152,4,121,100,Green Personal Take Foul (P3.PN) (J.Capers),,,,
1044,0022100152,4,121,100,Green Personal Take Foul (P3.PN) (J.Capers),,,,
1045,0022100152,4,121,100,Green Personal Take Foul (P3.PN) (J.Capers),,,,
1046,0022100152,4,121,100,Green Personal Take Foul (P3.PN) (J.Capers),,,,
1047,0022100152,4,121,101,Green Personal Take Foul (P3.PN) (J.Capers),,,,
1048,0022100152,4,121,99,,,Luwawu-Cabarrot Free Throw 1 of 2 (4 PTS),,
1049,0022100152,4,121,100,,,Luwawu-Cabarrot Free Throw 1 of 2 (4 PTS),,
1050,0022100152,4,121,100,,,Luwawu-Cabarrot Free Throw 1 of 2 (4 PTS),,
1051,0022100152,4,121,100,,,Luwawu-Cabarrot Free Throw 1 of 2 (4 PTS),,
1052,0022100152,4,121,100,,,Luwawu-Cabarrot Free Throw 1 of 2 (4 PTS),,
1053,0022100152,4,121,101,,,Luwawu-Cabarrot Free Throw 1 of 2 (4 PTS),,
1054,0022100152,4,121,99,SUB: Dowtin FOR Green,,,,
1055,0022100152,4,121,100,SUB: Dowtin FOR Green,,,,
1056,0022100152,4,121,100,SUB: Dowtin FOR Green,,,,
1057,0022100152,4,121,100,SUB: Dowtin FOR Green,,,,
1058,0022100152,4,121,100,SUB: Dowtin FOR Green,,,,
1059,0022100152,4,121,101,SUB: Dowtin FOR Green,,,,
1060,0022100152,4,121,99,SUB: Kuminga FOR Curry,,,,
1061,0022100152,4,121,100,SUB: Kuminga FOR Curry,,,,
1062,0022100152,4,121,100,SUB: Kuminga FOR Curry,,,,
1063,0022100152,4,121,100,SUB: Kuminga FOR Curry,,,,
1064,0022100152,4,121,100,SUB: Kuminga FOR Curry,,,,
1065,0022100152,4,121,101,SUB: Kuminga FOR Curry,,,,
1066,0022100152,4,121,99,SUB: Toscano-Anderson FOR Wiggins,,,,
1067,0022100152,4,121,100,SUB: Toscano-Anderson FOR Wiggins,,,,
1068,0022100152,4,121,100,SUB: Toscano-Anderson FOR Wiggins,,,,
1069,0022100152,4,121,100,SUB: Toscano-Anderson FOR Wiggins,,,,
1070,0022100152,4,121,100,SUB: Toscano-Anderson FOR Wiggins,,,,
1071,0022100152,4,121,101,SUB: Toscano-Anderson FOR Wiggins,,,,
1072,0022100152,4,121,99,,,Luwawu-Cabarrot Free Throw 2 of 2 (5 PTS),,
1073,0022100152,4,121,100,,,Luwawu-Cabarrot Free Throw 2 of 2 (5 PTS),,
1074,0022100152,4,121,100,,,Luwawu-Cabarrot Free Throw 2 of 2 (5 PTS),,
1075,0022100152,4,121,100,,,Luwawu-Cabarrot Free Throw 2 of 2 (5 PTS),,
1076,0022100152,4,121,100,,,Luwawu-Cabarrot Free Throw 2 of 2 (5 PTS),,
1077,0022100152,4,121,101,,,Luwawu-Cabarrot Free Throw 2 of 2 (5 PTS),,
1078,0022100152,4,121,101,MISS Poole 7' Driving Floating Jump Shot,,,,
1079,0022100152,4,121,101,,,Dieng REBOUND (Off:0 Def:1),,
1080,0022100152,4,121,104,,,Dieng 27' 3PT Pullup Jump Shot (3 PTS) (S. Hill 1 AST),,
1081,0022100152,4,124,104,Toscano-Anderson 26' 3PT Jump Shot (11 PTS) (Poole 4 AST),,,,
1082,0022100152,4,124,104,Dowtin P.FOUL (P1.PN) (M.Kogut),,,,
1083,0022100152,4,124,104,Dowtin P.FOUL (P1.PN) (M.Kogut),,,,
1084,0022100152,4,124,104,Dowtin P.FOUL (P1.PN) (M.Kogut),,,,
1085,0022100152,4,124,104,Dowtin P.FOUL (P1.PN) (M.Kogut),,,,
1086,0022100152,4,124,105,Dowtin P.FOUL (P1.PN) (M.Kogut),,,,
1087,0022100152,4,124,104,,,MISS Wright Free Throw 1 of 2,,
1088,0022100152,4,124,104,,,MISS Wright Free Throw 1 of 2,,
1089,0022100152,4,124,104,,,MISS Wright Free Throw 1 of 2,,
1090,0022100152,4,124,104,,,MISS Wright Free Throw 1 of 2,,
1091,0022100152,4,124,105,,,MISS Wright Free Throw 1 of 2,,
1092,0022100152,4,124,104,,,Hawks Rebound,,
1093,0022100152,4,124,104,,,Hawks Rebound,,
1094,0022100152,4,124,104,,,Hawks Rebound,,
1095,0022100152,4,124,104,,,Hawks Rebound,,
1096,0022100152,4,124,105,,,Hawks Rebound,,
1097,0022100152,4,124,104,SUB: Moody FOR Lee,,,,
1098,0022100152,4,124,104,SUB: Moody FOR Lee,,,,
1099,0022100152,4,124,104,SUB: Moody FOR Lee,,,,
1100,0022100152,4,124,104,SUB: Moody FOR Lee,,,,
1101,0022100152,4,124,105,SUB: Moody FOR Lee,,,,
1102,0022100152,4,124,104,,,Wright Free Throw 2 of 2 (5 PTS),,
1103,0022100152,4,124,104,,,Wright Free Throw 2 of 2 (5 PTS),,
1104,0022100152,4,124,104,,,Wright Free Throw 2 of 2 (5 PTS),,
1105,0022100152,4,124,104,,,Wright Free Throw 2 of 2 (5 PTS),,
1106,0022100152,4,124,105,,,Wright Free Throw 2 of 2 (5 PTS),,
1107,0022100152,4,124,105,Toscano-Anderson Bad Pass Turnover (P1.T13),,Luwawu-Cabarrot STEAL (1 STL),,
1108,0022100152,4,124,105,,,MISS Huerter 25' 3PT Jump Shot,,
1109,0022100152,4,124,105,,,Hawks Rebound,,
1110,0022100152,4,124,105,,,Hawks Rebound,,
1111,0022100152,4,124,108,,,Huerter 26' 3PT Step Back Jump Shot (11 PTS),,
1112,0022100152,4,124,108,Toscano-Anderson Bad Pass Turnover (P2.T14),,Wright STEAL (2 STL),,
1113,0022100152,4,124,108,,,MISS Luwawu-Cabarrot 26' 3PT Running Jump Shot,,
1114,0022100152,4,124,108,Dowtin REBOUND (Off:0 Def:1),,,,
1115,0022100152,4,127,108,Poole 29' 3PT Jump Shot (16 PTS) (Toscano-Anderson 1 AST),,,,
1116,0022100152,4,127,108,,,MISS Luwawu-Cabarrot 27' 3PT Jump Shot,,
1117,0022100152,4,127,108,Poole REBOUND (Off:0 Def:4),,,,
1118,0022100152,4,127,108,MISS Poole 32' 3PT Jump Shot,,,,
1119,0022100152,4,127,108,,,Wright REBOUND (Off:2 Def:3),,
1120,0022100152,4,127,110,,,Luwawu-Cabarrot 4' Reverse Layup (7 PTS) (Wright 2 AST),,
1121,0022100152,4,127,110,,,Luwawu-Cabarrot 4' Reverse Layup (7 PTS) (Wright 2 AST),,
1122,0022100152,4,127,111,,,Luwawu-Cabarrot 4' Reverse Layup (7 PTS) (Wright 2 AST),,
1123,0022100152,4,127,110,Poole S.FOUL (P2.PN) (M.Myers),,,,
1124,0022100152,4,127,110,Poole S.FOUL (P2.PN) (M.Myers),,,,
1125,0022100152,4,127,111,Poole S.FOUL (P2.PN) (M.Myers),,,,
1126,0022100152,4,127,110,,,Luwawu-Cabarrot Free Throw 1 of 1 (8 PTS),,
1127,0022100152,4,127,110,,,Luwawu-Cabarrot Free Throw 1 of 1 (8 PTS),,
1128,0022100152,4,127,111,,,Luwawu-Cabarrot Free Throw 1 of 1 (8 PTS),,
1129,0022100152,4,127,111,MISS Dowtin 7' Driving Floating Bank Jump Shot,,,,
1130,0022100152,4,127,111,,,Dieng REBOUND (Off:0 Def:2),,
1131,0022100152,4,127,111,Kuminga P.FOUL (P2.PN) (J.Capers),,,,
1132,0022100152,4,127,112,Kuminga P.FOUL (P2.PN) (J.Capers),,,,
1133,0022100152,4,127,113,Kuminga P.FOUL (P2.PN) (J.Capers),,,,
1134,0022100152,4,127,111,,,Wright Free Throw 1 of 2 (6 PTS),,
1135,0022100152,4,127,112,,,Wright Free Throw 1 of 2 (6 PTS),,
1136,0022100152,4,127,113,,,Wright Free Throw 1 of 2 (6 PTS),,
1137,0022100152,4,127,111,,,Wright Free Throw 2 of 2 (7 PTS),,
1138,0022100152,4,127,112,,,Wright Free Throw 2 of 2 (7 PTS),,
1139,0022100152,4,127,113,,,Wright Free Throw 2 of 2 (7 PTS),,
1140,0022100152,4,127,113,MISS Poole 27' 3PT Step Back Jump Shot,,,,
1141,0022100152,4,127,113,,,S. Hill REBOUND (Off:0 Def:2),,
1142,0022100152,4,127,113,,End of 4th Period (12:26 AM EST),,,